--
-- PostgreSQL database dump
--

-- Dumped from database version 15.7 (Ubuntu 15.7-1.pgdg20.04+1)
-- Dumped by pg_dump version 15.7 (Ubuntu 15.7-1.pgdg20.04+1)

SET statement_timeout = 0;
SET lock_timeout = 0;
SET idle_in_transaction_session_timeout = 0;
SET client_encoding = 'UTF8';
SET standard_conforming_strings = on;
SELECT pg_catalog.set_config('search_path', '', false);
SET check_function_bodies = false;
SET xmloption = content;
SET client_min_messages = warning;
SET row_security = off;

SET default_tablespace = '';

SET default_table_access_method = heap;

--
-- Name: answer; Type: TABLE; Schema: public; Owner: oquiz_u
--

CREATE TABLE public.answer (
    id integer NOT NULL,
    description text NOT NULL,
    question_id integer NOT NULL,
    created_at timestamp with time zone DEFAULT CURRENT_TIMESTAMP NOT NULL,
    updated_at timestamp with time zone
);


ALTER TABLE public.answer OWNER TO oquiz_u;

--
-- Name: answer_id_seq; Type: SEQUENCE; Schema: public; Owner: oquiz_u
--

ALTER TABLE public.answer ALTER COLUMN id ADD GENERATED BY DEFAULT AS IDENTITY (
    SEQUENCE NAME public.answer_id_seq
    START WITH 1
    INCREMENT BY 1
    NO MINVALUE
    NO MAXVALUE
    CACHE 1
);


--
-- Name: level; Type: TABLE; Schema: public; Owner: oquiz_u
--

CREATE TABLE public.level (
    id integer NOT NULL,
    name text NOT NULL,
    created_at timestamp with time zone DEFAULT CURRENT_TIMESTAMP NOT NULL,
    updated_at timestamp with time zone
);


ALTER TABLE public.level OWNER TO oquiz_u;

--
-- Name: level_id_seq; Type: SEQUENCE; Schema: public; Owner: oquiz_u
--

ALTER TABLE public.level ALTER COLUMN id ADD GENERATED BY DEFAULT AS IDENTITY (
    SEQUENCE NAME public.level_id_seq
    START WITH 1
    INCREMENT BY 1
    NO MINVALUE
    NO MAXVALUE
    CACHE 1
);


--
-- Name: question; Type: TABLE; Schema: public; Owner: oquiz_u
--

CREATE TABLE public.question (
    id integer NOT NULL,
    description text NOT NULL,
    anecdote text,
    wiki text,
    level_id integer NOT NULL,
    answer_id integer,
    quiz_id integer NOT NULL,
    created_at timestamp with time zone DEFAULT CURRENT_TIMESTAMP NOT NULL,
    updated_at timestamp with time zone
);


ALTER TABLE public.question OWNER TO oquiz_u;

--
-- Name: question_id_seq; Type: SEQUENCE; Schema: public; Owner: oquiz_u
--

ALTER TABLE public.question ALTER COLUMN id ADD GENERATED BY DEFAULT AS IDENTITY (
    SEQUENCE NAME public.question_id_seq
    START WITH 1
    INCREMENT BY 1
    NO MINVALUE
    NO MAXVALUE
    CACHE 1
);


--
-- Name: quiz; Type: TABLE; Schema: public; Owner: oquiz_u
--

CREATE TABLE public.quiz (
    id integer NOT NULL,
    title text NOT NULL,
    description text,
    user_id integer NOT NULL,
    created_at timestamp with time zone DEFAULT CURRENT_TIMESTAMP NOT NULL,
    updated_at timestamp with time zone
);


ALTER TABLE public.quiz OWNER TO oquiz_u;

--
-- Name: quiz_has_tag; Type: TABLE; Schema: public; Owner: oquiz_u
--

CREATE TABLE public.quiz_has_tag (
    id integer NOT NULL,
    quiz_id integer NOT NULL,
    tag_id integer NOT NULL,
    created_at timestamp with time zone DEFAULT CURRENT_TIMESTAMP NOT NULL,
    updated_at timestamp with time zone
);


ALTER TABLE public.quiz_has_tag OWNER TO oquiz_u;

--
-- Name: quiz_has_tag_id_seq; Type: SEQUENCE; Schema: public; Owner: oquiz_u
--

ALTER TABLE public.quiz_has_tag ALTER COLUMN id ADD GENERATED BY DEFAULT AS IDENTITY (
    SEQUENCE NAME public.quiz_has_tag_id_seq
    START WITH 1
    INCREMENT BY 1
    NO MINVALUE
    NO MAXVALUE
    CACHE 1
);


--
-- Name: quiz_id_seq; Type: SEQUENCE; Schema: public; Owner: oquiz_u
--

ALTER TABLE public.quiz ALTER COLUMN id ADD GENERATED BY DEFAULT AS IDENTITY (
    SEQUENCE NAME public.quiz_id_seq
    START WITH 1
    INCREMENT BY 1
    NO MINVALUE
    NO MAXVALUE
    CACHE 1
);


--
-- Name: tag; Type: TABLE; Schema: public; Owner: oquiz_u
--

CREATE TABLE public.tag (
    id integer NOT NULL,
    name text NOT NULL,
    created_at timestamp with time zone DEFAULT CURRENT_TIMESTAMP NOT NULL,
    updated_at timestamp with time zone
);


ALTER TABLE public.tag OWNER TO oquiz_u;

--
-- Name: tag_id_seq; Type: SEQUENCE; Schema: public; Owner: oquiz_u
--

ALTER TABLE public.tag ALTER COLUMN id ADD GENERATED BY DEFAULT AS IDENTITY (
    SEQUENCE NAME public.tag_id_seq
    START WITH 1
    INCREMENT BY 1
    NO MINVALUE
    NO MAXVALUE
    CACHE 1
);


--
-- Name: user; Type: TABLE; Schema: public; Owner: oquiz_u
--

CREATE TABLE public."user" (
    id integer NOT NULL,
    email text NOT NULL,
    password text NOT NULL,
    firstname text,
    lastname text,
    created_at timestamp with time zone DEFAULT CURRENT_TIMESTAMP NOT NULL,
    updated_at timestamp with time zone
);


ALTER TABLE public."user" OWNER TO oquiz_u;

--
-- Name: user_id_seq; Type: SEQUENCE; Schema: public; Owner: oquiz_u
--

ALTER TABLE public."user" ALTER COLUMN id ADD GENERATED BY DEFAULT AS IDENTITY (
    SEQUENCE NAME public.user_id_seq
    START WITH 1
    INCREMENT BY 1
    NO MINVALUE
    NO MAXVALUE
    CACHE 1
);


--
-- Data for Name: answer; Type: TABLE DATA; Schema: public; Owner: oquiz_u
--

COPY public.answer (id, description, question_id, created_at, updated_at) FROM stdin;
1	Un gland	1	2024-07-03 12:27:05.294538+02	\N
2	Willy	2	2024-07-03 12:27:05.294538+02	\N
3	Un requin	3	2024-07-03 12:27:05.294538+02	\N
4	Dingo	4	2024-07-03 12:27:05.294538+02	\N
5	Rox	5	2024-07-03 12:27:05.294538+02	\N
6	Pluto	6	2024-07-03 12:27:05.294538+02	\N
7	Jerry	7	2024-07-03 12:27:05.294538+02	\N
8	Scooby-Doo	8	2024-07-03 12:27:05.294538+02	\N
9	Daffy Duck	9	2024-07-03 12:27:05.294538+02	\N
10	Un cochon	10	2024-07-03 12:27:05.294538+02	\N
11	Un suricate	11	2024-07-03 12:27:05.294538+02	\N
12	Beethoven	12	2024-07-03 12:27:05.294538+02	\N
13	Dalmatien	13	2024-07-03 12:27:05.294538+02	\N
14	Un éléphant	14	2024-07-03 12:27:05.294538+02	\N
15	L'Ingénu	15	2024-07-03 12:27:05.294538+02	\N
16	Hello Kitty	16	2024-07-03 12:27:05.294538+02	\N
17	Gromit	17	2024-07-03 12:27:05.294538+02	\N
18	Félix	18	2024-07-03 12:27:05.294538+02	\N
19	Une fourmi	19	2024-07-03 12:27:05.294538+02	\N
20	Lucky Luke	20	2024-07-03 12:27:05.294538+02	\N
21	Un renard	21	2024-07-03 12:27:05.294538+02	\N
22	Un lapin	22	2024-07-03 12:27:05.294538+02	\N
23	Belle	23	2024-07-03 12:27:05.294538+02	\N
24	Franklin	24	2024-07-03 12:27:05.294538+02	\N
25	Buddy	25	2024-07-03 12:27:05.294538+02	\N
26	Nana	26	2024-07-03 12:27:05.294538+02	\N
27	Lil Bub	27	2024-07-03 12:27:05.294538+02	\N
28	Chipeur	28	2024-07-03 12:27:05.294538+02	\N
29	Edmond	29	2024-07-03 12:27:05.294538+02	\N
30	Oberhausen	30	2024-07-03 12:27:05.294538+02	\N
31	Cacaoyer	31	2024-07-03 12:27:05.294538+02	\N
32	Beurre de cacao	32	2024-07-03 12:27:05.294538+02	\N
33	On les grille	33	2024-07-03 12:27:05.294538+02	\N
34	Noir	34	2024-07-03 12:27:05.294538+02	\N
35	Suchard	35	2024-07-03 12:27:05.294538+02	\N
36	La mort	36	2024-07-03 12:27:05.294538+02	\N
37	Noir	37	2024-07-03 12:27:05.294538+02	\N
38	Juliette Binoche	38	2024-07-03 12:27:05.294538+02	\N
39	Cabosse	39	2024-07-03 12:27:05.294538+02	\N
40	Noir	40	2024-07-03 12:27:05.294538+02	\N
41	Les Mayas	41	2024-07-03 12:27:05.294538+02	\N
42	Une quarantaine	42	2024-07-03 12:27:05.294538+02	\N
43	La Côte d'Ivoire	43	2024-07-03 12:27:05.294538+02	\N
44	La pâte de cacao	44	2024-07-03 12:27:05.294538+02	\N
45	L'Angleterre	45	2024-07-03 12:27:05.294538+02	\N
46	Deux	46	2024-07-03 12:27:05.294538+02	\N
47	La Suisse	47	2024-07-03 12:27:05.294538+02	\N
48	Du Mexique	48	2024-07-03 12:27:05.294538+02	\N
49	Blanc	49	2024-07-03 12:27:05.294538+02	\N
50	20	50	2024-07-03 12:27:05.294538+02	\N
51	Un mariage	51	2024-07-03 12:27:05.294538+02	\N
52	Les Olmèques	52	2024-07-03 12:27:05.294538+02	\N
53	En Espagne	53	2024-07-03 12:27:05.294538+02	\N
54	100 000	54	2024-07-03 12:27:05.294538+02	\N
55	Cortés	55	2024-07-03 12:27:05.294538+02	\N
56	Grand cru	56	2024-07-03 12:27:05.294538+02	\N
57	La masse	57	2024-07-03 12:27:05.294538+02	\N
58	Le tourteau	58	2024-07-03 12:27:05.294538+02	\N
59	Chocolat amer	59	2024-07-03 12:27:05.294538+02	\N
60	Érotique	60	2024-07-03 12:27:05.294538+02	\N
61	Linus Torvalds	61	2024-07-03 12:27:05.294538+02	\N
62	Il est libre	62	2024-07-03 12:27:05.294538+02	\N
63	Un manchot	63	2024-07-03 12:27:05.294538+02	\N
64	Rm	64	2024-07-03 12:27:05.294538+02	\N
65	Red Hat	65	2024-07-03 12:27:05.294538+02	\N
66	Android	66	2024-07-03 12:27:05.294538+02	\N
67	Une distribution	67	2024-07-03 12:27:05.294538+02	\N
68	Apache	68	2024-07-03 12:27:05.294538+02	\N
69	Tux	69	2024-07-03 12:27:05.294538+02	\N
70	Cat	70	2024-07-03 12:27:05.294538+02	\N
71	1991	71	2024-07-03 12:27:05.294538+02	\N
72	Ubuntu	72	2024-07-03 12:27:05.294538+02	\N
73	Konqueror	73	2024-07-03 12:27:05.294538+02	\N
74	Mandriva	74	2024-07-03 12:27:05.294538+02	\N
75	.deb	75	2024-07-03 12:27:05.294538+02	\N
76	Useradd	76	2024-07-03 12:27:05.294538+02	\N
77	GNU	77	2024-07-03 12:27:05.294538+02	\N
78	Debian	78	2024-07-03 12:27:05.294538+02	\N
79	Slackware	79	2024-07-03 12:27:05.294538+02	\N
80	X Window	80	2024-07-03 12:27:05.294538+02	\N
81	Richard Stallman	81	2024-07-03 12:27:05.294538+02	\N
82	XMMS	82	2024-07-03 12:27:05.294538+02	\N
83	Canonical	83	2024-07-03 12:27:05.294538+02	\N
84	SUSE	84	2024-07-03 12:27:05.294538+02	\N
85	Debian	85	2024-07-03 12:27:05.294538+02	\N
86	Cuba	86	2024-07-03 12:27:05.294538+02	\N
87	Larry Ewing	87	2024-07-03 12:27:05.294538+02	\N
88	Quake III Arena	88	2024-07-03 12:27:05.294538+02	\N
89	Pandora	89	2024-07-03 12:27:05.294538+02	\N
90	Freax	90	2024-07-03 12:27:05.294538+02	\N
91	Anakin Skywalker	91	2024-07-03 12:27:05.294538+02	\N
92	Yoda	92	2024-07-03 12:27:05.294538+02	\N
93	Jedi	93	2024-07-03 12:27:05.294538+02	\N
94	L'Étoile Noire	94	2024-07-03 12:27:05.294538+02	\N
95	Sénatrice Padme	95	2024-07-03 12:27:05.294538+02	\N
96	De module	96	2024-07-03 12:27:05.294538+02	\N
97	La Force	97	2024-07-03 12:27:05.294538+02	\N
98	Les siths	98	2024-07-03 12:27:05.294538+02	\N
99	Han Solo	99	2024-07-03 12:27:05.294538+02	\N
100	L'armée des clones	100	2024-07-03 12:27:05.294538+02	\N
101	Palpatine	101	2024-07-03 12:27:05.294538+02	\N
102	Han Solo	102	2024-07-03 12:27:05.294538+02	\N
103	Il perd une main	103	2024-07-03 12:27:05.294538+02	\N
104	Mace Windu	104	2024-07-03 12:27:05.294538+02	\N
105	Qui-Gon Jinn	105	2024-07-03 12:27:05.294538+02	\N
106	Dark Maul	106	2024-07-03 12:27:05.294538+02	\N
107	Faucon Millénium	107	2024-07-03 12:27:05.294538+02	\N
108	Han Solo	108	2024-07-03 12:27:05.294538+02	\N
109	Tatooine	109	2024-07-03 12:27:05.294538+02	\N
110	Boba Fett	110	2024-07-03 12:27:05.294538+02	\N
111	Midi-chloriens	111	2024-07-03 12:27:05.294538+02	\N
112	Plus de 20 000	112	2024-07-03 12:27:05.294538+02	\N
113	Dark Plagueis	113	2024-07-03 12:27:05.294538+02	\N
114	5 et 6	114	2024-07-03 12:27:05.294538+02	\N
115	Bataille de Yavin	115	2024-07-03 12:27:05.294538+02	\N
116	L'avoir sauvé	116	2024-07-03 12:27:05.294538+02	\N
117	Lando Calrissian	117	2024-07-03 12:27:05.294538+02	\N
118	Dagobah	118	2024-07-03 12:27:05.294538+02	\N
119	Dark Vador	119	2024-07-03 12:27:05.294538+02	\N
120	28 ans	120	2024-07-03 12:27:05.294538+02	\N
121	La Kriek	121	2024-07-03 12:27:05.294538+02	\N
122	Rouge	122	2024-07-03 12:27:05.294538+02	\N
123	La Bush	123	2024-07-03 12:27:05.294538+02	\N
124	Bière d'Abbaye	124	2024-07-03 12:27:05.294538+02	\N
125	Kwak	125	2024-07-03 12:27:05.294538+02	\N
126	Bouchon mécanique	126	2024-07-03 12:27:05.294538+02	\N
127	Hoegaarden	127	2024-07-03 12:27:05.294538+02	\N
128	Rosée	128	2024-07-03 12:27:05.294538+02	\N
129	Orval	129	2024-07-03 12:27:05.294538+02	\N
130	Barbar	130	2024-07-03 12:27:05.294538+02	\N
131	33 cl	131	2024-07-03 12:27:05.294538+02	\N
132	Rochefort 12	132	2024-07-03 12:27:05.294538+02	\N
133	Charles Quint	133	2024-07-03 12:27:05.294538+02	\N
134	Ciney	134	2024-07-03 12:27:05.294538+02	\N
135	Bleue	135	2024-07-03 12:27:05.294538+02	\N
136	Moinette	136	2024-07-03 12:27:05.294538+02	\N
137	St Feuillien	137	2024-07-03 12:27:05.294538+02	\N
138	Grimbergen	138	2024-07-03 12:27:05.294538+02	\N
139	Judas	139	2024-07-03 12:27:05.294538+02	\N
140	La Chouffe	140	2024-07-03 12:27:05.294538+02	\N
141	Lambic	141	2024-07-03 12:27:05.294538+02	\N
142	Van Honsebrouck	142	2024-07-03 12:27:05.294538+02	\N
143	Caracole	143	2024-07-03 12:27:05.294538+02	\N
144	Un cheval	144	2024-07-03 12:27:05.294538+02	\N
145	Saison 1900	145	2024-07-03 12:27:05.294538+02	\N
146	Blanche du Hainaut	146	2024-07-03 12:27:05.294538+02	\N
147	Blanche	147	2024-07-03 12:27:05.294538+02	\N
148	Bon Secours	148	2024-07-03 12:27:05.294538+02	\N
149	Ename	149	2024-07-03 12:27:05.294538+02	\N
150	Gouyasse	150	2024-07-03 12:27:05.294538+02	\N
151	Belle des Champs	151	2024-07-03 12:27:05.294538+02	\N
152	Babybel	152	2024-07-03 12:27:05.294538+02	\N
153	Boursin	153	2024-07-03 12:27:05.294538+02	\N
154	Le brie	154	2024-07-03 12:27:05.294538+02	\N
155	Le comté	155	2024-07-03 12:27:05.294538+02	\N
156	Emmental	156	2024-07-03 12:27:05.294538+02	\N
157	Le gruyère	157	2024-07-03 12:27:05.294538+02	\N
158	Le maroilles	158	2024-07-03 12:27:05.294538+02	\N
159	Le petit-suisse 	159	2024-07-03 12:27:05.294538+02	\N
160	Le Bergues	160	2024-07-03 12:27:05.294538+02	\N
161	Le beaufort	161	2024-07-03 12:27:05.294538+02	\N
162	Époisses	162	2024-07-03 12:27:05.294538+02	\N
163	La Mimolette vieille	163	2024-07-03 12:27:05.294538+02	\N
164	Reblochon	164	2024-07-03 12:27:05.294538+02	\N
165	Le roquefort	165	2024-07-03 12:27:05.294538+02	\N
166	Saint-nectaire	166	2024-07-03 12:27:05.294538+02	\N
167	Le dauphin	167	2024-07-03 12:27:05.294538+02	\N
168	Le figou	168	2024-07-03 12:27:05.294538+02	\N
169	Le saint-marcellin	169	2024-07-03 12:27:05.294538+02	\N
170	La tomme de Savoie	170	2024-07-03 12:27:05.294538+02	\N
171	Beaufort	171	2024-07-03 12:27:05.294538+02	\N
172	Brillat-savarin	172	2024-07-03 12:27:05.294538+02	\N
173	Le coulommiers	173	2024-07-03 12:27:05.294538+02	\N
174	Le livarot	174	2024-07-03 12:27:05.294538+02	\N
175	Le morbier	175	2024-07-03 12:27:05.294538+02	\N
176	Le laguiole	176	2024-07-03 12:27:05.294538+02	\N
177	400	177	2024-07-03 12:27:05.294538+02	\N
178	Le munster	178	2024-07-03 12:27:05.294538+02	\N
179	Le barousse	179	2024-07-03 12:27:05.294538+02	\N
180	Le Curé nantais	180	2024-07-03 12:27:05.294538+02	\N
265	Une pierre	1	2024-07-03 12:27:05.294538+02	\N
266	Tom	2	2024-07-03 12:27:05.294538+02	\N
267	Une orque	3	2024-07-03 12:27:05.294538+02	\N
268	Félix	4	2024-07-03 12:27:05.294538+02	\N
269	Alex	5	2024-07-03 12:27:05.294538+02	\N
270	Hector	6	2024-07-03 12:27:05.294538+02	\N
271	Titi	7	2024-07-03 12:27:05.294538+02	\N
272	Pluto	8	2024-07-03 12:27:05.294538+02	\N
273	Titi	9	2024-07-03 12:27:05.294538+02	\N
274	Un mouton	10	2024-07-03 12:27:05.294538+02	\N
275	Un écureuil	11	2024-07-03 12:27:05.294538+02	\N
276	Mozart	12	2024-07-03 12:27:05.294538+02	\N
277	Berger allemand	13	2024-07-03 12:27:05.294538+02	\N
278	Une girafe	14	2024-07-03 12:27:05.294538+02	\N
279	L'Affranchi	15	2024-07-03 12:27:05.294538+02	\N
280	Hola Ginola	16	2024-07-03 12:27:05.294538+02	\N
281	Rouky	17	2024-07-03 12:27:05.294538+02	\N
282	Figaro	18	2024-07-03 12:27:05.294538+02	\N
283	Un cafard	19	2024-07-03 12:27:05.294538+02	\N
284	Gaston Lagaffe	20	2024-07-03 12:27:05.294538+02	\N
285	Un lion	21	2024-07-03 12:27:05.294538+02	\N
286	Un renard	22	2024-07-03 12:27:05.294538+02	\N
287	Simba	23	2024-07-03 12:27:05.294538+02	\N
288	Gamera	24	2024-07-03 12:27:05.294538+02	\N
289	Snoopy	25	2024-07-03 12:27:05.294538+02	\N
290	Belle	26	2024-07-03 12:27:05.294538+02	\N
291	Bébert	27	2024-07-03 12:27:05.294538+02	\N
292	Silver	28	2024-07-03 12:27:05.294538+02	\N
293	Babe	29	2024-07-03 12:27:05.294538+02	\N
294	Brunswick	30	2024-07-03 12:27:05.294538+02	\N
295	Pacanier	31	2024-07-03 12:27:05.294538+02	\N
296	Saindoux	32	2024-07-03 12:27:05.294538+02	\N
297	On les écrase	33	2024-07-03 12:27:05.294538+02	\N
298	Blanc	34	2024-07-03 12:27:05.294538+02	\N
299	Lindt	35	2024-07-03 12:27:05.294538+02	\N
300	La paralysie	36	2024-07-03 12:27:05.294538+02	\N
301	Au lait	37	2024-07-03 12:27:05.294538+02	\N
302	Isabelle Adjani	38	2024-07-03 12:27:05.294538+02	\N
303	Caboche	39	2024-07-03 12:27:05.294538+02	\N
304	Blanc	40	2024-07-03 12:27:05.294538+02	\N
305	Les Incas	41	2024-07-03 12:27:05.294538+02	\N
306	Une dizaine	42	2024-07-03 12:27:05.294538+02	\N
307	Le Brésil	43	2024-07-03 12:27:05.294538+02	\N
308	Le lait	44	2024-07-03 12:27:05.294538+02	\N
309	La Suisse	45	2024-07-03 12:27:05.294538+02	\N
310	Quatre	46	2024-07-03 12:27:05.294538+02	\N
311	La Belgique	47	2024-07-03 12:27:05.294538+02	\N
312	De Bolivie	48	2024-07-03 12:27:05.294538+02	\N
313	Noir	49	2024-07-03 12:27:05.294538+02	\N
314	200	50	2024-07-03 12:27:05.294538+02	\N
315	Un décès	51	2024-07-03 12:27:05.294538+02	\N
316	Les Africains	52	2024-07-03 12:27:05.294538+02	\N
317	En Italie	53	2024-07-03 12:27:05.294538+02	\N
318	10 000	54	2024-07-03 12:27:05.294538+02	\N
319	Christophe Colomb	55	2024-07-03 12:27:05.294538+02	\N
320	Origine	56	2024-07-03 12:27:05.294538+02	\N
321	La tasse	57	2024-07-03 12:27:05.294538+02	\N
322	Le crabe	58	2024-07-03 12:27:05.294538+02	\N
323	Chocolat noir	59	2024-07-03 12:27:05.294538+02	\N
324	Jeunesse	60	2024-07-03 12:27:05.294538+02	\N
325	Steeve Jobs	61	2024-07-03 12:27:05.294538+02	\N
326	Il est beau	62	2024-07-03 12:27:05.294538+02	\N
327	Une marmotte	63	2024-07-03 12:27:05.294538+02	\N
328	Rem	64	2024-07-03 12:27:05.294538+02	\N
329	Zubuntu	65	2024-07-03 12:27:05.294538+02	\N
330	iOS	66	2024-07-03 12:27:05.294538+02	\N
331	Un progiciel	67	2024-07-03 12:27:05.294538+02	\N
332	Comanche	68	2024-07-03 12:27:05.294538+02	\N
333	Wilber	69	2024-07-03 12:27:05.294538+02	\N
334	Type	70	2024-07-03 12:27:05.294538+02	\N
335	1993	71	2024-07-03 12:27:05.294538+02	\N
336	Gentoo	72	2024-07-03 12:27:05.294538+02	\N
337	Firefox	73	2024-07-03 12:27:05.294538+02	\N
338	Debian	74	2024-07-03 12:27:05.294538+02	\N
339	.dev	75	2024-07-03 12:27:05.294538+02	\N
340	Adduser	76	2024-07-03 12:27:05.294538+02	\N
341	BSD	77	2024-07-03 12:27:05.294538+02	\N
342	Red Hat	78	2024-07-03 12:27:05.294538+02	\N
343	Ubuntu	79	2024-07-03 12:27:05.294538+02	\N
344	K Window	80	2024-07-03 12:27:05.294538+02	\N
345	Linus Torvalds	81	2024-07-03 12:27:05.294538+02	\N
346	Mplayer	82	2024-07-03 12:27:05.294538+02	\N
347	Pentax	83	2024-07-03 12:27:05.294538+02	\N
348	Red Hat	84	2024-07-03 12:27:05.294538+02	\N
349	SUSE	85	2024-07-03 12:27:05.294538+02	\N
350	Le Venezuela	86	2024-07-03 12:27:05.294538+02	\N
351	Jeffrey Lynch	87	2024-07-03 12:27:05.294538+02	\N
352	Super Mario Kart	88	2024-07-03 12:27:05.294538+02	\N
353	Game Gear	89	2024-07-03 12:27:05.294538+02	\N
354	Serval	90	2024-07-03 12:27:05.294538+02	\N
355	Yoda	91	2024-07-03 12:27:05.294538+02	\N
356	Anakin Skywalker	92	2024-07-03 12:27:05.294538+02	\N
357	Zodiak	93	2024-07-03 12:27:05.294538+02	\N
358	L'Étoile qui tue	94	2024-07-03 12:27:05.294538+02	\N
359	Leia Organa	95	2024-07-03 12:27:05.294538+02	\N
360	De nodule	96	2024-07-03 12:27:05.294538+02	\N
361	La lumière	97	2024-07-03 12:27:05.294538+02	\N
362	Les friths	98	2024-07-03 12:27:05.294538+02	\N
363	Luke Skywalker	99	2024-07-03 12:27:05.294538+02	\N
364	Les faucons	100	2024-07-03 12:27:05.294538+02	\N
365	Padme Amidala	101	2024-07-03 12:27:05.294538+02	\N
366	Obi-Wan Kenobi	102	2024-07-03 12:27:05.294538+02	\N
367	Il gagne le duel	103	2024-07-03 12:27:05.294538+02	\N
368	Anakin Skywalker	104	2024-07-03 12:27:05.294538+02	\N
369	Ki-Adi-Mundi	105	2024-07-03 12:27:05.294538+02	\N
370	Dark Sidious	106	2024-07-03 12:27:05.294538+02	\N
371	Anneau Solaire	107	2024-07-03 12:27:05.294538+02	\N
372	Luke Skywalker	108	2024-07-03 12:27:05.294538+02	\N
373	Dagobah	109	2024-07-03 12:27:05.294538+02	\N
374	Jabba le Hutt	110	2024-07-03 12:27:05.294538+02	\N
375	Meti-chlorien	111	2024-07-03 12:27:05.294538+02	\N
376	Plus de 10 000	112	2024-07-03 12:27:05.294538+02	\N
377	Dark Vador	113	2024-07-03 12:27:05.294538+02	\N
378	1 à 3	114	2024-07-03 12:27:05.294538+02	\N
379	Bataille de Jaku	115	2024-07-03 12:27:05.294538+02	\N
380	L'avoir retrouvé	116	2024-07-03 12:27:05.294538+02	\N
381	Jabba le Hutt	117	2024-07-03 12:27:05.294538+02	\N
382	Naboo	118	2024-07-03 12:27:05.294538+02	\N
383	Luke Skywalker	119	2024-07-03 12:27:05.294538+02	\N
384	26 ans	120	2024-07-03 12:27:05.294538+02	\N
385	La Chimay	121	2024-07-03 12:27:05.294538+02	\N
386	Blonde	122	2024-07-03 12:27:05.294538+02	\N
387	La Mort Subite	123	2024-07-03 12:27:05.294538+02	\N
388	Bière Bio	124	2024-07-03 12:27:05.294538+02	\N
389	Lupulus	125	2024-07-03 12:27:05.294538+02	\N
390	Capsule	126	2024-07-03 12:27:05.294538+02	\N
391	Bacchus	127	2024-07-03 12:27:05.294538+02	\N
392	Blanche	128	2024-07-03 12:27:05.294538+02	\N
393	Leffe	129	2024-07-03 12:27:05.294538+02	\N
394	Ename	130	2024-07-03 12:27:05.294538+02	\N
395	25 cl	131	2024-07-03 12:27:05.294538+02	\N
396	Rochefort 10	132	2024-07-03 12:27:05.294538+02	\N
397	Ferdinand Ier	133	2024-07-03 12:27:05.294538+02	\N
398	Couvin	134	2024-07-03 12:27:05.294538+02	\N
399	Rouge	135	2024-07-03 12:27:05.294538+02	\N
400	Chimay	136	2024-07-03 12:27:05.294538+02	\N
401	Rochefort 10	137	2024-07-03 12:27:05.294538+02	\N
402	Westmalle	138	2024-07-03 12:27:05.294538+02	\N
403	Hair	139	2024-07-03 12:27:05.294538+02	\N
404	La Barbar	140	2024-07-03 12:27:05.294538+02	\N
405	Stout	141	2024-07-03 12:27:05.294538+02	\N
406	Bosteels	142	2024-07-03 12:27:05.294538+02	\N
407	Moinette	143	2024-07-03 12:27:05.294538+02	\N
408	Un lion	144	2024-07-03 12:27:05.294538+02	\N
409	Saison 1800	145	2024-07-03 12:27:05.294538+02	\N
410	Ciney	146	2024-07-03 12:27:05.294538+02	\N
411	Ambrée	147	2024-07-03 12:27:05.294538+02	\N
412	Charles Quint	148	2024-07-03 12:27:05.294538+02	\N
413	Caracole	149	2024-07-03 12:27:05.294538+02	\N
414	Judas	150	2024-07-03 12:27:05.294538+02	\N
415	Tomme du Jura	151	2024-07-03 12:27:05.294538+02	\N
416	Chavroux	152	2024-07-03 12:27:05.294538+02	\N
417	Reblochon	153	2024-07-03 12:27:05.294538+02	\N
418	Le gruyère	154	2024-07-03 12:27:05.294538+02	\N
419	Le fourme	155	2024-07-03 12:27:05.294538+02	\N
420	Roquefort	156	2024-07-03 12:27:05.294538+02	\N
421	Le brebis	157	2024-07-03 12:27:05.294538+02	\N
422	Le brie	158	2024-07-03 12:27:05.294538+02	\N
423	Le maroilles	159	2024-07-03 12:27:05.294538+02	\N
424	Le livarot	160	2024-07-03 12:27:05.294538+02	\N
425	Le brie	161	2024-07-03 12:27:05.294538+02	\N
426	Cabecou	162	2024-07-03 12:27:05.294538+02	\N
427	Le mouflon	163	2024-07-03 12:27:05.294538+02	\N
428	Emmental	164	2024-07-03 12:27:05.294538+02	\N
429	Le munster	165	2024-07-03 12:27:05.294538+02	\N
430	Époisses	166	2024-07-03 12:27:05.294538+02	\N
431	Le marsouin	167	2024-07-03 12:27:05.294538+02	\N
432	La tomme de Savoie	168	2024-07-03 12:27:05.294538+02	\N
433	Le saint-julien	169	2024-07-03 12:27:05.294538+02	\N
434	Le vacherin	170	2024-07-03 12:27:05.294538+02	\N
435	Cantal	171	2024-07-03 12:27:05.294538+02	\N
436	Pélardon	172	2024-07-03 12:27:05.294538+02	\N
437	Le charolais	173	2024-07-03 12:27:05.294538+02	\N
438	Le fédou	174	2024-07-03 12:27:05.294538+02	\N
439	Le savaron	175	2024-07-03 12:27:05.294538+02	\N
440	Le barousse	176	2024-07-03 12:27:05.294538+02	\N
441	300	177	2024-07-03 12:27:05.294538+02	\N
442	Le morbier	178	2024-07-03 12:27:05.294538+02	\N
443	Le Curé nantais	179	2024-07-03 12:27:05.294538+02	\N
444	Le boursin	180	2024-07-03 12:27:05.294538+02	\N
520	Un os	1	2024-07-03 12:27:05.294538+02	\N
521	Monica	2	2024-07-03 12:27:05.294538+02	\N
522	Un kraken	3	2024-07-03 12:27:05.294538+02	\N
523	Donald	4	2024-07-03 12:27:05.294538+02	\N
524	Z	5	2024-07-03 12:27:05.294538+02	\N
525	Taz	6	2024-07-03 12:27:05.294538+02	\N
526	Manny	7	2024-07-03 12:27:05.294538+02	\N
527	Beethoven	8	2024-07-03 12:27:05.294538+02	\N
528	Bugs Bunny	9	2024-07-03 12:27:05.294538+02	\N
529	Un chien	10	2024-07-03 12:27:05.294538+02	\N
530	Un tatou	11	2024-07-03 12:27:05.294538+02	\N
531	Chopin	12	2024-07-03 12:27:05.294538+02	\N
532	Fox-terrier	13	2024-07-03 12:27:05.294538+02	\N
533	Un chien	14	2024-07-03 12:27:05.294538+02	\N
534	L'Iconoclaste	15	2024-07-03 12:27:05.294538+02	\N
535	Santa Maria	16	2024-07-03 12:27:05.294538+02	\N
536	Coyote	17	2024-07-03 12:27:05.294538+02	\N
537	José	18	2024-07-03 12:27:05.294538+02	\N
538	Une libellule	19	2024-07-03 12:27:05.294538+02	\N
539	Tintin	20	2024-07-03 12:27:05.294538+02	\N
540	Un ours	21	2024-07-03 12:27:05.294538+02	\N
541	Un chien	22	2024-07-03 12:27:05.294538+02	\N
542	Daisy	23	2024-07-03 12:27:05.294538+02	\N
543	Donatello	24	2024-07-03 12:27:05.294538+02	\N
544	Oscar	25	2024-07-03 12:27:05.294538+02	\N
545	Jasmine	26	2024-07-03 12:27:05.294538+02	\N
546	Simon	27	2024-07-03 12:27:05.294538+02	\N
547	Sylvester	28	2024-07-03 12:27:05.294538+02	\N
548	Grégoire	29	2024-07-03 12:27:05.294538+02	\N
549	Karlsruhe	30	2024-07-03 12:27:05.294538+02	\N
550	Cotonnier	31	2024-07-03 12:27:05.294538+02	\N
551	Beurre salé	32	2024-07-03 12:27:05.294538+02	\N
552	On les épluche	33	2024-07-03 12:27:05.294538+02	\N
553	Au lait	34	2024-07-03 12:27:05.294538+02	\N
554	Tobler	35	2024-07-03 12:27:05.294538+02	\N
555	La cécité	36	2024-07-03 12:27:05.294538+02	\N
556	Praliné	37	2024-07-03 12:27:05.294538+02	\N
557	Karin Viard	38	2024-07-03 12:27:05.294538+02	\N
558	Ciboulot	39	2024-07-03 12:27:05.294538+02	\N
559	Au lait	40	2024-07-03 12:27:05.294538+02	\N
560	Les Toltèques	41	2024-07-03 12:27:05.294538+02	\N
561	Une centaine	42	2024-07-03 12:27:05.294538+02	\N
562	Le Mexique	43	2024-07-03 12:27:05.294538+02	\N
563	Le beurre	44	2024-07-03 12:27:05.294538+02	\N
564	Le Brésil	45	2024-07-03 12:27:05.294538+02	\N
565	Six	46	2024-07-03 12:27:05.294538+02	\N
566	La France	47	2024-07-03 12:27:05.294538+02	\N
567	Du Mozambique	48	2024-07-03 12:27:05.294538+02	\N
568	Praliné	49	2024-07-03 12:27:05.294538+02	\N
569	2 000	50	2024-07-03 12:27:05.294538+02	\N
570	Une naissance	51	2024-07-03 12:27:05.294538+02	\N
571	Les Berbères	52	2024-07-03 12:27:05.294538+02	\N
572	En Belgique	53	2024-07-03 12:27:05.294538+02	\N
573	1 000	54	2024-07-03 12:27:05.294538+02	\N
574	Charcot	55	2024-07-03 12:27:05.294538+02	\N
575	Premier choix	56	2024-07-03 12:27:05.294538+02	\N
576	La crasse	57	2024-07-03 12:27:05.294538+02	\N
577	Le homard	58	2024-07-03 12:27:05.294538+02	\N
578	Chocolat au lait	59	2024-07-03 12:27:05.294538+02	\N
579	Humour	60	2024-07-03 12:27:05.294538+02	\N
580	Larry Ellison	61	2024-07-03 12:27:05.294538+02	\N
581	Il est Finlandais	62	2024-07-03 12:27:05.294538+02	\N
582	Un caribou	63	2024-07-03 12:27:05.294538+02	\N
583	Del	64	2024-07-03 12:27:05.294538+02	\N
584	Souze	65	2024-07-03 12:27:05.294538+02	\N
585	Windows Phone	66	2024-07-03 12:27:05.294538+02	\N
586	Un intégré	67	2024-07-03 12:27:05.294538+02	\N
587	Siou	68	2024-07-03 12:27:05.294538+02	\N
588	Gnu	69	2024-07-03 12:27:05.294538+02	\N
589	Man	70	2024-07-03 12:27:05.294538+02	\N
590	1995	71	2024-07-03 12:27:05.294538+02	\N
591	Mandriva	72	2024-07-03 12:27:05.294538+02	\N
592	Netscape	73	2024-07-03 12:27:05.294538+02	\N
593	SUSE	74	2024-07-03 12:27:05.294538+02	\N
594	.rss	75	2024-07-03 12:27:05.294538+02	\N
595	Passwd	76	2024-07-03 12:27:05.294538+02	\N
596	Mimix	77	2024-07-03 12:27:05.294538+02	\N
597	Slackware	78	2024-07-03 12:27:05.294538+02	\N
598	Red Hat	79	2024-07-03 12:27:05.294538+02	\N
599	Z Window	80	2024-07-03 12:27:05.294538+02	\N
600	John Von Neumann	81	2024-07-03 12:27:05.294538+02	\N
601	Tomahawk	82	2024-07-03 12:27:05.294538+02	\N
602	Panasonic	83	2024-07-03 12:27:05.294538+02	\N
603	Ubuntu	84	2024-07-03 12:27:05.294538+02	\N
604	Red Hat	85	2024-07-03 12:27:05.294538+02	\N
605	Le Kenya	86	2024-07-03 12:27:05.294538+02	\N
606	Rob Janoff	87	2024-07-03 12:27:05.294538+02	\N
607	Zelda	88	2024-07-03 12:27:05.294538+02	\N
608	N-Gage	89	2024-07-03 12:27:05.294538+02	\N
609	Panther	90	2024-07-03 12:27:05.294538+02	\N
610	Mace Windu	91	2024-07-03 12:27:05.294538+02	\N
611	Jabba	92	2024-07-03 12:27:05.294538+02	\N
612	Table ronde	93	2024-07-03 12:27:05.294538+02	\N
613	La Lune obscure	94	2024-07-03 12:27:05.294538+02	\N
614	Madpe	95	2024-07-03 12:27:05.294538+02	\N
615	De acklay	96	2024-07-03 12:27:05.294538+02	\N
616	Le langage droïde	97	2024-07-03 12:27:05.294538+02	\N
617	Les Ch'tis	98	2024-07-03 12:27:05.294538+02	\N
618	Chewbacca	99	2024-07-03 12:27:05.294538+02	\N
619	Les Bantha	100	2024-07-03 12:27:05.294538+02	\N
620	Valorum	101	2024-07-03 12:27:05.294538+02	\N
621	Luke Skywalker	102	2024-07-03 12:27:05.294538+02	\N
622	Yoda tue Dooku	103	2024-07-03 12:27:05.294538+02	\N
623	Qui Go Jin	104	2024-07-03 12:27:05.294538+02	\N
624	Plo Koon	105	2024-07-03 12:27:05.294538+02	\N
625	Dark Pantouf	106	2024-07-03 12:27:05.294538+02	\N
626	Intergalactique	107	2024-07-03 12:27:05.294538+02	\N
627	Obi-Wan Kenobi	108	2024-07-03 12:27:05.294538+02	\N
628	Naboo	109	2024-07-03 12:27:05.294538+02	\N
629	Han Solo	110	2024-07-03 12:27:05.294538+02	\N
630	Chlorydrate	111	2024-07-03 12:27:05.294538+02	\N
631	Plus de 5 000	112	2024-07-03 12:27:05.294538+02	\N
632	Dark Bane	113	2024-07-03 12:27:05.294538+02	\N
633	3 et 4	114	2024-07-03 12:27:05.294538+02	\N
634	Bataille de Coruscant	115	2024-07-03 12:27:05.294538+02	\N
635	L'avoir trahi	116	2024-07-03 12:27:05.294538+02	\N
636	Boba Fett	117	2024-07-03 12:27:05.294538+02	\N
637	Utapau	118	2024-07-03 12:27:05.294538+02	\N
638	La princesse Leia	119	2024-07-03 12:27:05.294538+02	\N
639	24 ans	120	2024-07-03 12:27:05.294538+02	\N
640	La Leffe	121	2024-07-03 12:27:05.294538+02	\N
641	Ambrée	122	2024-07-03 12:27:05.294538+02	\N
642	La Stella	123	2024-07-03 12:27:05.294538+02	\N
643	Trappiste	124	2024-07-03 12:27:05.294538+02	\N
644	Bacchus	125	2024-07-03 12:27:05.294538+02	\N
645	Bouchon de liège	126	2024-07-03 12:27:05.294538+02	\N
646	Corsendonck	127	2024-07-03 12:27:05.294538+02	\N
647	Bleue	128	2024-07-03 12:27:05.294538+02	\N
648	Bush	129	2024-07-03 12:27:05.294538+02	\N
649	Caracole	130	2024-07-03 12:27:05.294538+02	\N
650	50 cl	131	2024-07-03 12:27:05.294538+02	\N
651	Rocherfort 8	132	2024-07-03 12:27:05.294538+02	\N
652	Philippe II	133	2024-07-03 12:27:05.294538+02	\N
653	Verviers	134	2024-07-03 12:27:05.294538+02	\N
654	Verte	135	2024-07-03 12:27:05.294538+02	\N
655	Duvel	136	2024-07-03 12:27:05.294538+02	\N
656	Chimay	137	2024-07-03 12:27:05.294538+02	\N
657	St. Bernardus	138	2024-07-03 12:27:05.294538+02	\N
658	Bloody Mary	139	2024-07-03 12:27:05.294538+02	\N
659	La Durboyse	140	2024-07-03 12:27:05.294538+02	\N
660	Pils	141	2024-07-03 12:27:05.294538+02	\N
661	Liefmans	142	2024-07-03 12:27:05.294538+02	\N
662	Rochefort	143	2024-07-03 12:27:05.294538+02	\N
663	Un ours	144	2024-07-03 12:27:05.294538+02	\N
664	Saison 1700	145	2024-07-03 12:27:05.294538+02	\N
665	Zulte	146	2024-07-03 12:27:05.294538+02	\N
666	Brune	147	2024-07-03 12:27:05.294538+02	\N
667	St Feuillien	148	2024-07-03 12:27:05.294538+02	\N
668	Moinette	149	2024-07-03 12:27:05.294538+02	\N
669	Palm	150	2024-07-03 12:27:05.294538+02	\N
670	Petit chèvre	151	2024-07-03 12:27:05.294538+02	\N
671	Saint-paulin	152	2024-07-03 12:27:05.294538+02	\N
672	Emmental	153	2024-07-03 12:27:05.294538+02	\N
673	Le roquefort	154	2024-07-03 12:27:05.294538+02	\N
674	Le demi-sel	155	2024-07-03 12:27:05.294538+02	\N
675	Gruyère	156	2024-07-03 12:27:05.294538+02	\N
676	Le beaufort	157	2024-07-03 12:27:05.294538+02	\N
677	Le gruyère	158	2024-07-03 12:27:05.294538+02	\N
678	Le coulommiers 	159	2024-07-03 12:27:05.294538+02	\N
679	Le savaron	160	2024-07-03 12:27:05.294538+02	\N
680	Le morbier	161	2024-07-03 12:27:05.294538+02	\N
681	Petit-suisse	162	2024-07-03 12:27:05.294538+02	\N
682	Le pavé du Nord	163	2024-07-03 12:27:05.294538+02	\N
683	Roquefort	164	2024-07-03 12:27:05.294538+02	\N
684	Le brie	165	2024-07-03 12:27:05.294538+02	\N
685	Roquefort	166	2024-07-03 12:27:05.294538+02	\N
686	Le wallaby	167	2024-07-03 12:27:05.294538+02	\N
687	Le saint-nectaire	168	2024-07-03 12:27:05.294538+02	\N
688	Le saint-siméon	169	2024-07-03 12:27:05.294538+02	\N
689	Le vieux moulin	170	2024-07-03 12:27:05.294538+02	\N
690	Livernon	171	2024-07-03 12:27:05.294538+02	\N
691	Mélusine	172	2024-07-03 12:27:05.294538+02	\N
692	Le chevrotin	173	2024-07-03 12:27:05.294538+02	\N
693	Le livernon	174	2024-07-03 12:27:05.294538+02	\N
694	Le trou du Cru	175	2024-07-03 12:27:05.294538+02	\N
695	Le livarot	176	2024-07-03 12:27:05.294538+02	\N
696	200	177	2024-07-03 12:27:05.294538+02	\N
697	Le savaron	178	2024-07-03 12:27:05.294538+02	\N
698	Le mouflon	179	2024-07-03 12:27:05.294538+02	\N
699	Le charolais	180	2024-07-03 12:27:05.294538+02	\N
775	Une bille	1	2024-07-03 12:27:05.294538+02	\N
776	Jennifer	2	2024-07-03 12:27:05.294538+02	\N
777	Un piranha	3	2024-07-03 12:27:05.294538+02	\N
778	Mortimer	4	2024-07-03 12:27:05.294538+02	\N
779	Simba	5	2024-07-03 12:27:05.294538+02	\N
780	Sylvestre	6	2024-07-03 12:27:05.294538+02	\N
781	Grosminet	7	2024-07-03 12:27:05.294538+02	\N
782	Droopy	8	2024-07-03 12:27:05.294538+02	\N
783	Elmer Fudd	9	2024-07-03 12:27:05.294538+02	\N
784	Une chèvre	10	2024-07-03 12:27:05.294538+02	\N
785	Un castor	11	2024-07-03 12:27:05.294538+02	\N
786	Brahms	12	2024-07-03 12:27:05.294538+02	\N
787	Jack Russel	13	2024-07-03 12:27:05.294538+02	\N
788	Un cerf	14	2024-07-03 12:27:05.294538+02	\N
789	Le malin	15	2024-07-03 12:27:05.294538+02	\N
790	Bravo Sammy	16	2024-07-03 12:27:05.294538+02	\N
791	Kaa	17	2024-07-03 12:27:05.294538+02	\N
792	André	18	2024-07-03 12:27:05.294538+02	\N
793	Une araignée	19	2024-07-03 12:27:05.294538+02	\N
794	Astérix	20	2024-07-03 12:27:05.294538+02	\N
795	Un tigre	21	2024-07-03 12:27:05.294538+02	\N
796	Un kangourou	22	2024-07-03 12:27:05.294538+02	\N
797	Aurore	23	2024-07-03 12:27:05.294538+02	\N
798	Caroline	24	2024-07-03 12:27:05.294538+02	\N
799	Scooby	25	2024-07-03 12:27:05.294538+02	\N
800	Dolly	26	2024-07-03 12:27:05.294538+02	\N
801	Choupette	27	2024-07-03 12:27:05.294538+02	\N
802	Denver	28	2024-07-03 12:27:05.294538+02	\N
803	Jonathan	29	2024-07-03 12:27:05.294538+02	\N
804	Mannheim	30	2024-07-03 12:27:05.294538+02	\N
805	Palmier	31	2024-07-03 12:27:05.294538+02	\N
806	Beurre gras	32	2024-07-03 12:27:05.294538+02	\N
807	On les tord	33	2024-07-03 12:27:05.294538+02	\N
808	Praliné	34	2024-07-03 12:27:05.294538+02	\N
809	Jacobs	35	2024-07-03 12:27:05.294538+02	\N
810	Le diabète	36	2024-07-03 12:27:05.294538+02	\N
811	Blanc	37	2024-07-03 12:27:05.294538+02	\N
812	Judith Godrèche	38	2024-07-03 12:27:05.294538+02	\N
813	Carabosse	39	2024-07-03 12:27:05.294538+02	\N
814	Praliné	40	2024-07-03 12:27:05.294538+02	\N
815	Les Otomis	41	2024-07-03 12:27:05.294538+02	\N
816	Un millier	42	2024-07-03 12:27:05.294538+02	\N
817	Le Cameroun	43	2024-07-03 12:27:05.294538+02	\N
818	Le sucre	44	2024-07-03 12:27:05.294538+02	\N
819	Le Mexique	45	2024-07-03 12:27:05.294538+02	\N
820	Huit	46	2024-07-03 12:27:05.294538+02	\N
821	Le Portugal	47	2024-07-03 12:27:05.294538+02	\N
822	De Madagascar	48	2024-07-03 12:27:05.294538+02	\N
823	Au lait	49	2024-07-03 12:27:05.294538+02	\N
824	20 000	50	2024-07-03 12:27:05.294538+02	\N
825	Un sacrifice	51	2024-07-03 12:27:05.294538+02	\N
826	Les Aztèques	52	2024-07-03 12:27:05.294538+02	\N
827	En France	53	2024-07-03 12:27:05.294538+02	\N
828	100	54	2024-07-03 12:27:05.294538+02	\N
829	Foucauld	55	2024-07-03 12:27:05.294538+02	\N
830	Label rouge	56	2024-07-03 12:27:05.294538+02	\N
831	La nasse	57	2024-07-03 12:27:05.294538+02	\N
832	La crevette	58	2024-07-03 12:27:05.294538+02	\N
833	Chocolat blanc	59	2024-07-03 12:27:05.294538+02	\N
834	Aventure	60	2024-07-03 12:27:05.294538+02	\N
835	Bill Gates	61	2024-07-03 12:27:05.294538+02	\N
836	Il est amusant	62	2024-07-03 12:27:05.294538+02	\N
837	Un gnou	63	2024-07-03 12:27:05.294538+02	\N
838	Delete	64	2024-07-03 12:27:05.294538+02	\N
839	Mandrika	65	2024-07-03 12:27:05.294538+02	\N
840	BlackBerry 10	66	2024-07-03 12:27:05.294538+02	\N
841	Une logithèque	67	2024-07-03 12:27:05.294538+02	\N
842	Mohican	68	2024-07-03 12:27:05.294538+02	\N
843	Puffy	69	2024-07-03 12:27:05.294538+02	\N
844	Ls	70	2024-07-03 12:27:05.294538+02	\N
845	1997	71	2024-07-03 12:27:05.294538+02	\N
846	Fedora	72	2024-07-03 12:27:05.294538+02	\N
847	Chrome	73	2024-07-03 12:27:05.294538+02	\N
848	Slackwave	74	2024-07-03 12:27:05.294538+02	\N
849	.rpm	75	2024-07-03 12:27:05.294538+02	\N
850	Mkaccount	76	2024-07-03 12:27:05.294538+02	\N
851	iOS	77	2024-07-03 12:27:05.294538+02	\N
852	Fedora	78	2024-07-03 12:27:05.294538+02	\N
853	Mandriva	79	2024-07-03 12:27:05.294538+02	\N
854	L Window	80	2024-07-03 12:27:05.294538+02	\N
855	Alan Cox	81	2024-07-03 12:27:05.294538+02	\N
856	Spotify	82	2024-07-03 12:27:05.294538+02	\N
857	Nikon	83	2024-07-03 12:27:05.294538+02	\N
858	Mandriva	84	2024-07-03 12:27:05.294538+02	\N
859	Ubuntu	85	2024-07-03 12:27:05.294538+02	\N
860	La Finlande	86	2024-07-03 12:27:05.294538+02	\N
861	Wes Wilson	87	2024-07-03 12:27:05.294538+02	\N
862	Splinter Cell	88	2024-07-03 12:27:05.294538+02	\N
863	GP32	89	2024-07-03 12:27:05.294538+02	\N
864	Longhorn	90	2024-07-03 12:27:05.294538+02	\N
865	Leia	91	2024-07-03 12:27:05.294538+02	\N
866	Yado	92	2024-07-03 12:27:05.294538+02	\N
867	Samourai	93	2024-07-03 12:27:05.294538+02	\N
868	Le côté obscur	94	2024-07-03 12:27:05.294538+02	\N
869	Obiwana	95	2024-07-03 12:27:05.294538+02	\N
870	De nexu	96	2024-07-03 12:27:05.294538+02	\N
871	L'immortalité	97	2024-07-03 12:27:05.294538+02	\N
872	Les Vicks	98	2024-07-03 12:27:05.294538+02	\N
873	Obi-Wan Kenobi	99	2024-07-03 12:27:05.294538+02	\N
874	Les Gungans	100	2024-07-03 12:27:05.294538+02	\N
875	Yoda	101	2024-07-03 12:27:05.294538+02	\N
876	Anakin Skywalker	102	2024-07-03 12:27:05.294538+02	\N
877	Dooku lui file sa toux	103	2024-07-03 12:27:05.294538+02	\N
878	Obiwan Kenobi	104	2024-07-03 12:27:05.294538+02	\N
879	Adi Gallia	105	2024-07-03 12:27:05.294538+02	\N
880	Dark Leouf	106	2024-07-03 12:27:05.294538+02	\N
881	Enterprise	107	2024-07-03 12:27:05.294538+02	\N
882	Dark Vador	108	2024-07-03 12:27:05.294538+02	\N
883	Mustafar	109	2024-07-03 12:27:05.294538+02	\N
884	Zam Wesell	110	2024-07-03 12:27:05.294538+02	\N
885	Chlori-Metica	111	2024-07-03 12:27:05.294538+02	\N
886	Plus de 1 000	112	2024-07-03 12:27:05.294538+02	\N
887	Dark Tyranus	113	2024-07-03 12:27:05.294538+02	\N
888	2 et 3	114	2024-07-03 12:27:05.294538+02	\N
889	Bataille de Naboo	115	2024-07-03 12:27:05.294538+02	\N
890	L'avoir aimé	116	2024-07-03 12:27:05.294538+02	\N
891	Watto	117	2024-07-03 12:27:05.294538+02	\N
892	Malastare	118	2024-07-03 12:27:05.294538+02	\N
893	Han Solo	119	2024-07-03 12:27:05.294538+02	\N
894	30 ans	120	2024-07-03 12:27:05.294538+02	\N
895	La Duvel	121	2024-07-03 12:27:05.294538+02	\N
896	Noire	122	2024-07-03 12:27:05.294538+02	\N
897	La Tongerlo	123	2024-07-03 12:27:05.294538+02	\N
898	Swiss Made	124	2024-07-03 12:27:05.294538+02	\N
899	Duvel	125	2024-07-03 12:27:05.294538+02	\N
900	Bouchon à visser	126	2024-07-03 12:27:05.294538+02	\N
901	Floreffe	127	2024-07-03 12:27:05.294538+02	\N
902	Rouge	128	2024-07-03 12:27:05.294538+02	\N
903	Kriek	129	2024-07-03 12:27:05.294538+02	\N
904	Affligem	130	2024-07-03 12:27:05.294538+02	\N
905	75 cl	131	2024-07-03 12:27:05.294538+02	\N
906	Rocherfort 6	132	2024-07-03 12:27:05.294538+02	\N
907	Charles VI	133	2024-07-03 12:27:05.294538+02	\N
908	Waremme	134	2024-07-03 12:27:05.294538+02	\N
909	Jaune	135	2024-07-03 12:27:05.294538+02	\N
910	Barbar	136	2024-07-03 12:27:05.294538+02	\N
911	Orval	137	2024-07-03 12:27:05.294538+02	\N
912	Vedett	138	2024-07-03 12:27:05.294538+02	\N
913	Born This Way	139	2024-07-03 12:27:05.294538+02	\N
914	La Maes	140	2024-07-03 12:27:05.294538+02	\N
915	Triple	141	2024-07-03 12:27:05.294538+02	\N
916	Van Steenberge	142	2024-07-03 12:27:05.294538+02	\N
917	Gordon	143	2024-07-03 12:27:05.294538+02	\N
918	Un éléphant	144	2024-07-03 12:27:05.294538+02	\N
919	Saison 1600	145	2024-07-03 12:27:05.294538+02	\N
920	Affligem	146	2024-07-03 12:27:05.294538+02	\N
921	Noire	147	2024-07-03 12:27:05.294538+02	\N
922	Grimbergen	148	2024-07-03 12:27:05.294538+02	\N
923	Rochefort	149	2024-07-03 12:27:05.294538+02	\N
924	Rochefort	150	2024-07-03 12:27:05.294538+02	\N
925	Palet du Poitou	151	2024-07-03 12:27:05.294538+02	\N
926	Époisses	152	2024-07-03 12:27:05.294538+02	\N
927	Roquefort	153	2024-07-03 12:27:05.294538+02	\N
928	Le cantal	154	2024-07-03 12:27:05.294538+02	\N
929	Le chèvre	155	2024-07-03 12:27:05.294538+02	\N
930	Brie	156	2024-07-03 12:27:05.294538+02	\N
931	La figuette	157	2024-07-03 12:27:05.294538+02	\N
932	Le roquefort	158	2024-07-03 12:27:05.294538+02	\N
933	Le saint-marcellin	159	2024-07-03 12:27:05.294538+02	\N
934	Le beaufort	160	2024-07-03 12:27:05.294538+02	\N
935	Le munster	161	2024-07-03 12:27:05.294538+02	\N
936	Roquefort	162	2024-07-03 12:27:05.294538+02	\N
937	La rigotte	163	2024-07-03 12:27:05.294538+02	\N
938	Gruyère	164	2024-07-03 12:27:05.294538+02	\N
939	Le beaufort	165	2024-07-03 12:27:05.294538+02	\N
940	Livernon	166	2024-07-03 12:27:05.294538+02	\N
941	Le lapin	167	2024-07-03 12:27:05.294538+02	\N
942	Le petit chèvre	168	2024-07-03 12:27:05.294538+02	\N
943	Le saint-paulin	169	2024-07-03 12:27:05.294538+02	\N
944	La rigotte	170	2024-07-03 12:27:05.294538+02	\N
945	Reblochon	171	2024-07-03 12:27:05.294538+02	\N
946	Gaperon	172	2024-07-03 12:27:05.294538+02	\N
947	Le civray	173	2024-07-03 12:27:05.294538+02	\N
948	Le montbriac	174	2024-07-03 12:27:05.294538+02	\N
949	Le vachard	175	2024-07-03 12:27:05.294538+02	\N
950	Le fédou	176	2024-07-03 12:27:05.294538+02	\N
951	100	177	2024-07-03 12:27:05.294538+02	\N
952	Le trou du Cru	178	2024-07-03 12:27:05.294538+02	\N
953	Le munster	179	2024-07-03 12:27:05.294538+02	\N
954	La figuette	180	2024-07-03 12:27:05.294538+02	\N
\.


--
-- Data for Name: level; Type: TABLE DATA; Schema: public; Owner: oquiz_u
--

COPY public.level (id, name, created_at, updated_at) FROM stdin;
1	Débutant	2024-07-03 12:27:05.294538+02	\N
2	Confirmé	2024-07-03 12:27:05.294538+02	\N
3	Expert	2024-07-03 12:27:05.294538+02	\N
\.


--
-- Data for Name: question; Type: TABLE DATA; Schema: public; Owner: oquiz_u
--

COPY public.question (id, description, anecdote, wiki, level_id, answer_id, quiz_id, created_at, updated_at) FROM stdin;
1	Dans le film d'animation L'Âge de glace, qu'est-ce qui échappe à l'écureuil Scrat ?	À l'occasion de la sortie de L'Âge de glace 4, Scrat a eu son double de cire au Musée Grévin le 20 juin 2012.	Scrat	1	1	1	2024-07-03 12:27:05.294538+02	\N
2	Comment se nomme l'orque à sauver dans une saga cinématographique populaire ?	Si les deuxième et troisième films sont des suites du premier, le 4e n'a aucun lien avec le reste et est en quelque sorte un reboot.	Sauvez_Willy_(série_de_films)	1	2	7	2024-07-03 12:27:05.294538+02	\N
3	Dans le film Les Dents de la mer, quel animal provoque la terreur sur l'île d'Amity ?	Les Dents de la mer est un film charnière qui a rétrospectivement été considéré comme le premier des blockbusters américains.	Les_Dents_de_la_mer	1	3	8	2024-07-03 12:27:05.294538+02	\N
4	Quel personnage de Disney, ami de Mickey Mouse, est un chien anthropomorphe très maladroit ?	À partir des années 1990, Dingo est devenu papa dans une série télévisée dans laquelle son fils se prénomme Max.	Dingo_(Disney)	1	4	1	2024-07-03 12:27:05.294538+02	\N
5	Dans un film d'animation de Disney, comment se nomme le renardeau ami d'un chien de chasse ?	Rox et Rouky est le dernier dessin animé de Disney commençant par un générique complet et finissant par « The End ».	Rox_et_Rouky	1	5	7	2024-07-03 12:27:05.294538+02	\N
6	Quel est le nom du chien de Mickey, apparenté à la race des Saint-Hubert ?	Dessiné par Norman Ferguson, Pluto est considéré comme l'un des premiers personnages Disney à sortir du modèle standard.	Pluto_(Disney)	1	6	8	2024-07-03 12:27:05.294538+02	\N
7	Dans le célèbre dessin animé, qui le chat Tom poursuit-il sans cesse ?	Malgré sa popularité très acclamée, les courts-métrages Tom et Jerry ont fait l'objet de nombreuses controverses.	Tom_et_Jerry	1	7	1	2024-07-03 12:27:05.294538+02	\N
8	Quel chien peureux a pour compagnons Samy, Daphné, Véra et Fred ?	Une gamme Lego est sortie en 2015 avec six produits inspirés de différents épisodes et fi de Scooby-Do.	Scooby-Doo	1	8	7	2024-07-03 12:27:05.294538+02	\N
9	Parmi ces personnages des Looney Tunes, lequel est un canard ?	Daffy Ducka « sévi » dans 126 dessins animés jusqu'en 1968 au cinéma avant d'en disparaître totalement.	Daffy_Duck	1	9	8	2024-07-03 12:27:05.294538+02	\N
10	Dans les deux films Babe, quel animal campe le personnage principal ?	Babe eut l'idée tout à fait farfelue de devenir chien de berger, ou plutôt « cochon de berger ».	Babe	1	10	1	2024-07-03 12:27:05.294538+02	\N
11	Dans le film Le Roi Lion, quel animal est Timon, le grand ami de Pumbaa ?	Le suricate est toujours là quand on a besoin de lui, mais il est très souvent ailleurs quand on est avec lui.	Timon_(Disney)	2	11	7	2024-07-03 12:27:05.294538+02	\N
12	Quel nom de compositeur désigne aussi un saint-bernard héros de films ?	Le chien fut baptisé Beethoven parce qu'il a aboyé à la symphonie n°5 de Ludwig van Beethoven.	Beethoven_(série_de_films)	2	12	8	2024-07-03 12:27:05.294538+02	\N
13	Des spécimens de quelle race de chiens intéressent tout particulièrement Cruella d'Enfer ?	Le personnage de Cruella d'Enfer fut en partie inspiré par Tallulah Bankhead, dont certaines excentricités furent reprises dans le film.	Cruella_d'Enfer	2	13	1	2024-07-03 12:27:05.294538+02	\N
14	Dans un film d'animation de Disney, quel animal est moqué pour ses grandes oreilles ?	Un message d'espoir est délivré par l'histoire : « quand on fait de son mieux, on en retire quelque chose de bien à la fin ».	Dumbo	2	14	7	2024-07-03 12:27:05.294538+02	\N
15	Quel cheval de selle autrichien Napoléon Bonaparte a-t-il emporté avec lui sur l'île d'Elbe ?	Également surnommé Wagram en l'honneur de la bataille du même nom, Napoléon l'appréciait énormément.	L'Ingénu_(cheval)	2	15	8	2024-07-03 12:27:05.294538+02	\N
16	Quelle marque est représentée par un chat blanc généralement habillé de couleur rose ?	Selon le profil officiel de Hello Kitty, cette dernière se nomme Kitty White et est née à Londres, en Angleterre.	Hello_Kitty	2	16	1	2024-07-03 12:27:05.294538+02	\N
17	Dans les films d'animation en pâte à modeler, qui est le partenaire canin de Wallace ?	Tous les personnages sont en plasticine et les scènes sont animées image par image (stop motion).	Wallace_et_Gromit	2	17	7	2024-07-03 12:27:05.294538+02	\N
18	Comment s'appelle le chat noir et blanc, héros d'une pub pour de la nourriture pour chats ?	Felix ne prend pas d'accent, principalement en raison de l'internationalisation des marques.	Purina	2	18	8	2024-07-03 12:27:05.294538+02	\N
19	Dans le film d'animation de Pixar 1001 Pattes, quel insecte est Tilt, le personnage principal ?	Woody le cow-boy héros du film d'animation Toy Story est apparu dans le bêtisier du générique de fin.	1001_pattes	2	19	1	2024-07-03 12:27:05.294538+02	\N
20	Auprès de quel héros de BD le chien inefficace Rantanplan s'est-il illustré ?	Rantanplan appartient à l'administration pénitentiaire, et a pour maître, le gardien Pavlov (en référence au fameux réflexe).	Rantanplan	2	20	7	2024-07-03 12:27:05.294538+02	\N
21	Dans la film d'animation Robin des Bois, quel animal est Robin des Bois ?	La réalisation de Robin des Bois sera marquée par la réutilisation d'éléments d'animation des précédentes productions Disney.	Robin_des_Bois_(film,_1973)	3	21	8	2024-07-03 12:27:05.294538+02	\N
22	De quel animal prénommé Roger veut-on « la peau » dans un film d'animation ?	Zemeckis dira de Roger qu'il a « un corps de chez Disney, une tête de chez Warner et une attitude à la Tex Avery ».	Roger_Rabbit	3	22	1	2024-07-03 12:27:05.294538+02	\N
23	Dans le roman de Cécile Aubry, quelle chienne Sébastien recueille-t-il dans son village ?	Belle et Sébastien a fait l'objet d'une adaptation en feuilleton télévisé, d'une série d'animation japonaise et de deux films.	Belle_et_Sébastien	3	23	7	2024-07-03 12:27:05.294538+02	\N
24	Quelle tortue sait « compter deux par deux et lacer ses chaussures » ?	Dans chaque épisode, Franklin a un dilemme qu'il résout toujours à la fin, permettant aux enfants de s'identifier au personnage.	Franklin_(série_télévisée)	3	24	8	2024-07-03 12:27:05.294538+02	\N
25	Quel chien est devenu le rival du chat Socks en tant qu'animal de compagnie de la famille Clinton ?	Les parents Clinton ont adopté un labrador nommé Buddy en hommage à l'oncle de Bill qui vient de décéder.	Animaux_domestiques_des_présidents_des_États-Unis	3	25	1	2024-07-03 12:27:05.294538+02	\N
26	Dans Peter Pan, comment se nomme la chienne de Wendy, John et Michael ?	Peter Pan est un personnage créé par l'auteur écossais J. M. Barrie, apparu pour la première fois en 1902.	Peter_Pan	3	26	7	2024-07-03 12:27:05.294538+02	\N
27	Quel célèbre chat a une langue qui pend en permanence suite à une malformation ?	La célèbre chatte est apparue dans un spot de l'ONG Greenpeace à l'occasion de la Journée internationale des tigres.	Lil_Bub	3	27	8	2024-07-03 12:27:05.294538+02	\N
28	Dans le dessin animé Dora l'exploratrice, comment s'appelle le renard voleur ?	Par ce biais de ce méchant renard voleur, la série tente de faire distinguer aux enfants le bien du mal.	Dora_l'exploratrice	3	28	1	2024-07-03 12:27:05.294538+02	\N
178	Quel fromage de lait de vache se nomme « géromé » en Lorraine ?	La recette du munster a été laissée aux Vosgiens au IXe siècle par un moine irlandais de passage.	Munster_(fromage)	3	178	18	2024-07-03 12:27:05.294538+02	\N
29	Quel cochon Martin Veyron et Jean-Marc Rochette ont-ils inventé pour une BD humoristique ?	Le style de cette série à l'humour cru et hilarant se situe entre l'underground américain et la tradition animalière française.	Edmond_le_cochon	3	29	7	2024-07-03 12:27:05.294538+02	\N
30	Dans l'aquarium de quelle ville allemande Paul le poulpe a-t-il eu son heure de gloire ?	Paul était renommé pour le spectacle de ses prédictions du résultat des matchs de léquipe d'Allemagne de football.	Paul_le_poulpe	3	30	8	2024-07-03 12:27:05.294538+02	\N
31	À partir de la fève de quel arbre le chocolat est-il produit ?	Les fèves de cacao sont extraites des baies, que l'on ouvre à la récolte et que l'on met à sécher.	Fève_de_cacao	1	31	2	2024-07-03 12:27:05.294538+02	\N
32	Quel beurre est extrait de la pâte de cacao liquide servant à la création du chocolat ?	Le beurre de cacao est une des graisses les plus stables connues, contenant des antioxydants naturels.	Beurre_de_cacao	1	32	9	2024-07-03 12:27:05.294538+02	\N
33	Que fait-on quand on torréfie les fèves de cacao pour la préparation du chocolat ?	La torréfaction, c'est-à-dire un chauffage de 140 à 160 °C pendant 20 à 30 minutes, permet le développement des arômes du cacao.	Fève_de_cacao	1	33	10	2024-07-03 12:27:05.294538+02	\N
34	Quel chocolat, parfois mélangé avec des épices, contient le moins de sucre ?	La qualité du chocolat noir dépend des ingrédients utilisés, et de son pourcentage en cacao.	Chocolat_noir	1	34	2	2024-07-03 12:27:05.294538+02	\N
35	En 1825, quel Suisse a créé une désormais célèbre fabrique de chocolat ?	Philippe Suchard débuta dans la confiserie en 1825 à Neuchâtel et se lanca dans le chocolat à Serrières en 1826.	Philippe_Suchard	1	35	9	2024-07-03 12:27:05.294538+02	\N
36	Que provoque la consommation de chocolat chez la plupart des animaux de compagnie ?	Le chocolat contient de la théobromine, un produit semblable à la caféine que leur métabolisme ne permet pas d'éliminer.	Chocolat	1	36	10	2024-07-03 12:27:05.294538+02	\N
37	Quel chocolat, riche en acides gras saturés, est le plus amère ?	Le chocolat noir, qui contient peu de cholesterol et très peu de sodium, est une bonne source de magnésium.	Chocolat_noir	1	37	2	2024-07-03 12:27:05.294538+02	\N
38	Qui incarne la chocolatière dans le film adapté du roman Le chocolat de Joanne Harris ? 	En 1959, durant le carême, une jeune femme et sa fille reprennent la vieille pâtisserie pour ouvrir une chocolaterie.	Le_Chocolat	1	38	9	2024-07-03 12:27:05.294538+02	\N
39	Comment appelle-t-on le fruit du cacaoyer, se présentant sous la forme d'une baie ?	Les cabosses se trouvent sur le tronc et les grosses branches, et non pas sur les rameaux jeunes.	Cabosse	1	39	10	2024-07-03 12:27:05.294538+02	\N
40	Quel chocolat, généralement préféré par les puristes, ne contient pas de lait ?	Réglementairement, le chocolat noir doit contenir au moins 35 % de cacao, sans limite supérieure pour la concentration de cacao.	Chocolat_noir	1	40	2	2024-07-03 12:27:05.294538+02	\N
41	De quel peuple le chocolat serait-il originaire, l'associant à leur dieu de la fertilité ?	Les Aztèques associaient le chocolat avec Xochiquetzal (qui a donné son nom au chocolat), la déesse de la fertilité.	Chocolat	2	41	9	2024-07-03 12:27:05.294538+02	\N
42	Combien trouve-t-on environ de fèves de cacao dans une cabosse ?	La cabosse a une forme allongée et ressemble à un concombre assez rebondi.	Cabosse	2	42	10	2024-07-03 12:27:05.294538+02	\N
43	Quel est le premier pays producteur de cacao, loin devant le Ghana et l'Indonésie ?	La production de cacao était en 2006 de 4.06 millions de tonnes, en hausse constante depuis 2003.	Cacao	2	43	2	2024-07-03 12:27:05.294538+02	\N
44	Quel élément différencie le chocolat blanc des autres chocolats ?	Le chocolat blanc a d'abord été distribué en Amérique en 1948 avec l'introduction des barres de chocolat « blanc alpin » Nestlé.	Chocolat_blanc	2	44	9	2024-07-03 12:27:05.294538+02	\N
45	Dans quel pays a été fabriquée la première tablette de chocolat ?	Les premières plaques de chocolat ont été baptisées « Chocolat délicieux à manger ».	Tablette_de_chocolat	2	45	9	2024-07-03 12:27:05.294538+02	\N
46	Combien peut-on faire de récoltes par an sur un cacaoyer en bonne santé ?	La maturation des fruits du cacaoyer dure, selon les génotypes, de cinq à sept mois.	Cacaoyer	2	46	2	2024-07-03 12:27:05.294538+02	\N
47	Quel pays européen est le plus grand consommateur de chocolat ?	Les variantes au lait et fondant ont été créées respectivement par Daniel Peter en 1875 et Rudolf Lindt en 1879.	Suisse	2	47	9	2024-07-03 12:27:05.294538+02	\N
48	De quel pays le cacaoyer, domestiqué il y a environ 3 000 ans, est-il originaire ?	Le cacaoyer fut très probablement domestiqué au départ pour la confection d'une boisson fermentée, donc alcoolisée.	Cacaoyer	2	48	9	2024-07-03 12:27:05.294538+02	\N
49	Quel chocolat, devant contenir au minimum 20 % de beurre de cacao, est le plus sucré ?	Le chocolat blanc a été produit pour la première fois par Nestlé en Suisse dans les années 1930.	Chocolat_blanc	2	49	2	2024-07-03 12:27:05.294538+02	\N
50	Combien de cabosses un cacaoyer peut-il produire en moyenne ?	Chaque cabosse, ressemblant à un petit ballon de football américain, peut peser jusqu'à 400 g pour 15 à 20 cm de long.	Cacaoyer	2	50	9	2024-07-03 12:27:05.294538+02	\N
51	Pour les préliminaires de quel événement les Mayas se servent-ils du chocolat ?	Le cacao purifie aussi les enfants mayas lors de cérémonies ou accompagne le défunt pour son voyage vers l'au-delà.	Chocolat	3	51	10	2024-07-03 12:27:05.294538+02	\N
52	Quelle civilisation précolombienne a la première cultivé le cacao ?	La culture olmèque demeure inconnue jusqu'à la deuxième moitié du XIXe siècle.	Olmèques	3	52	2	2024-07-03 12:27:05.294538+02	\N
53	Dans quel pays d'Europe a-t-on commencé à consommer du chocolat ?	Ce n'est qu'à partir de la conquête des Aztèques par les Espagnols que le chocolat fut importé en Europe.	Chocolat	3	53	9	2024-07-03 12:27:05.294538+02	\N
54	Combien de fleurs un cacaoyer peut-il produire annuellement ?	Les fleurs apparaissent toute l'année sur des renflements du bois de l'arbre, appelés « coussinets floraux ».	Cacaoyer	3	54	10	2024-07-03 12:27:05.294538+02	\N
55	Quel explorateur a rapporté le cacao en Europe en 1528 ?	Hernán Cortés s'est emparé de l'Empire aztèque pour le compte de Charles Quint, roi de Castille et empereur romain germanique.	Hernán_Cortés	3	55	2	2024-07-03 12:27:05.294538+02	\N
56	Quel chocolat noir est issu de cacao d'une seule plantation ?	En France, c'est l'Institut national de l'origine et de la qualité qui classifie la qualité des chocolats.	Chocolat_noir	3	56	9	2024-07-03 12:27:05.294538+02	\N
57	Quelle substance est obtenue après broyage des fèves du cacaoyer ?	Les fèves de cacao contiennent environ 50 % de matière grasse appelée « beurre de cacao ».	Fève_de_cacao	3	57	10	2024-07-03 12:27:05.294538+02	\N
58	Une fois la masse de cacao pressée, quel produit est utilisé pour faire du cacao en poudre ?	Deux procédés de trituration sont possibles : la pression discontinue à froid et la pression continue à chaud.	Tourteau_(résidu)	3	58	2	2024-07-03 12:27:05.294538+02	\N
59	Laura Esquivel, écrivaine mexicaine contemporaine, a publié un livre intitulé...	Laura Esquivel est un auteur qui cherche constamment de nouveaux et originaux chemins dans ses uvres.	Laura_Esquivel	3	59	9	2024-07-03 12:27:05.294538+02	\N
60	Dans quel rayon BD peut-on trouver l'album Fraise et chocolat ?	Aurélia Aurita est une auteure de bande dessinée française d'origine chinoise et khmère.	Aurélia_Aurita_(bande_dessinée)	3	60	10	2024-07-03 12:27:05.294538+02	\N
61	Quel programmeur a créé et continue de diriger le développement du noyau de Linux ?	Linus a découvert l'informatique vers l'âge de 11 ans grâce à l'ordinateur de son grand-père, un Commodore VIC-20.	Linus_Torvalds	1	61	3	2024-07-03 12:27:05.294538+02	\N
62	Quel est le principal atout de Linux, développé et maintenu par Linus Torvalds ?	Linux est le nom couramment donné à tout système d'exploitation libre fonctionnant avec le noyau Linux.	Linux	1	62	11	2024-07-03 12:27:05.294538+02	\N
63	Quel animal représentant Linux est aussi la mascotte de l'université d'Helsinki ?	Dessiné en 1996, son usage est libre et se retrouve dans de très nombreux projets et logotypes liés à Linux.	Tux	1	63	12	2024-07-03 12:27:05.294538+02	\N
64	Quelle commande Linux, basée sur la commande UNIX, utilise-t-on pour effacer un fichier ?	De par la filiation avec UNIX, la ligne de commande est toujours disponible dans GNU/Linux, quelle que soit la distribution.	Linux	1	64	3	2024-07-03 12:27:05.294538+02	\N
65	Laquelle de ces propositions désigne une distribution Linux fondée en 1993 ?	Red Hat est l'une des entreprises dédiées aux logiciels Open Source les plus importantes et les plus reconnues.	Red_Hat	1	65	12	2024-07-03 12:27:05.294538+02	\N
66	Quel système d'exploitation mobile majeur de l'industrie actuelle s'appuie sur un noyau Linux ?	En 2015, Android est le système d'exploitation le plus utilisé dans le monde avec plus de 80 % de parts de marché.	Android	1	66	12	2024-07-03 12:27:05.294538+02	\N
67	Sous Linux, comment appelle-t-on les logiciels assemblés autour du noyau ?	Il existe une très grande variété de distributions, ayant chacune des objectifs et une philosophie particulière.	Distribution_GNU/Linux	1	67	3	2024-07-03 12:27:05.294538+02	\N
68	Quel serveur web présent sous Linux est aussi présent sur les serveurs du monde entier ?	Depuis avril 1996, selon l'étude permanente de Netcraft, Apache est devenu le serveur HTTP le plus répandu sur Internet.	Apache_HTTP_Server	1	68	11	2024-07-03 12:27:05.294538+02	\N
69	Quel est le nom de la mascotte de Linux, connue de tous les passionnés du système d'exploitation ?	Le dessin du personnage a été choisi à l'issue d'un concours organisé en 1996 remporté par Larry Ewing.	Tux	1	69	12	2024-07-03 12:27:05.294538+02	\N
70	Parmi ces commandes Linux, laquelle affiche à l'écran le contenu d'un fichier texte ?	La différence essentielle de Linux par rapport à d'autres systèmes d'exploitation concurrents est d'être un système d'exploitation libre.	Linux	1	70	3	2024-07-03 12:27:05.294538+02	\N
71	En quelle année Linus Torvalds a-t-il livré la première version du noyau Linux ?	En 1991, les compatibles PC dominent le marché des ordinateurs personnels et fonctionnent généralement sous MS-DOS ou Windows.	Linux	2	71	11	2024-07-03 12:27:05.294538+02	\N
72	Quel ancien mot bantou désigne une célèbre distribution Linux ?	Le nom de la distribution provient d'un ancien mot bantou qui signifie « Je suis ce que je suis grâce à ce que nous sommes tous ».	Ubuntu	2	72	12	2024-07-03 12:27:05.294538+02	\N
73	Quel navigateur web et gestionnaire de fichiers est utilisé par défaut pour KDE ?	Konqueror peut également afficher le contenu d'un serveur FTP, permettre de parcourir le réseau local et de visualiser des fichiers.	Konqueror	2	73	11	2024-07-03 12:27:05.294538+02	\N
74	Quel nom porte la distribution française de Linux, une des plus simples à installer et à utiliser ?	Ciblant à la fois le grand public et les professionnels, cette distribution GNU/Linux est construite autour de KDE.	Mandriva_Linux	2	74	3	2024-07-03 12:27:05.294538+02	\N
75	Quel type de fichiers est pris en compte par le gestionnaires de paquets intégré à Ubuntu ?	Par défaut, Ubuntu est installé avec une pluralité de logiciels libres tels que LibreOffice, Firefox, Thunderbird et Transmission.	Ubuntu	2	75	3	2024-07-03 12:27:05.294538+02	\N
76	Sous Linux, quelle commande est utilisée pour créer un compte utilisateur ?	Grâce à sa ligne de commande, scientifiques, ingénieurs et développeurs comptent parmi ses plus fréquents utilisateurs.	Linux	2	76	11	2024-07-03 12:27:05.294538+02	\N
77	De quel projet sont tirés les outils gravitant autour de Linux ?	GNU est un projet de système d'exploitation libre lancé en 1983 par Richard Stallman, puis maintenu par le projet GNU.	GNU	2	77	11	2024-07-03 12:27:05.294538+02	\N
78	De quelle distribution Linux est dérivé le système d'exploitation Ubuntu ?	Ancien développeur Debian, Mark Shuttleworth souhaitait une version plus facile d'accès pour les novices.	Ubuntu	2	78	12	2024-07-03 12:27:05.294538+02	\N
79	Quelle est la plus ancienne distribution Linux encore maintenue à ce jour ?	Slackware est une distribution Linux qui, à la différence d'autres distributions, a longtemps été maintenue par une seule personne.	Slackware	2	79	12	2024-07-03 12:27:05.294538+02	\N
80	Quel environnement graphique de type « fenêtré » est utilisé sous Linux ?	Cet environnement graphique gère l'interaction homme-machine par l'écran, la souris et le clavier de certains ordinateurs en réseau.	X_Window_System	2	80	11	2024-07-03 12:27:05.294538+02	\N
81	Quel programmeur et militant du logiciel libre a créé le Projet GNU en 1984 ?	Richard Stallman consacre la majeure partie de son temps à la promotion du logiciel libre auprès de divers publics.	Richard_Stallman	3	81	12	2024-07-03 12:27:05.294538+02	\N
82	Quel lecteur multimédia ressemblant à Winamp est souvent utilisé sous Linux ?	XMMS fut originellement codé sous le nom de X11Amp par Peter et Mikal Alm en novembre 1997, pour combler un manque sou Linux.	XMMS	3	82	3	2024-07-03 12:27:05.294538+02	\N
83	Quelle société financée par l'entrepreneur sud-africain Mark Shuttleworth commandite Ubuntu ?	Cette société, basée sur l'Île de Man, a été créée en 2004 et opère dans 30 pays différents et emploie 500 personnes.	Canonical	3	83	3	2024-07-03 12:27:05.294538+02	\N
84	Avec quel acteur du monde Linux Microsoft a-t-il signé un accord d'importance ?	Apparue au début de l'année 1994, SUSE est donc la plus ancienne distribution commerciale encore existante.	SUSE	3	84	3	2024-07-03 12:27:05.294538+02	\N
85	La station spatiale internationale a abandonné Windows au profit de quelle distribution Linux ?	Debian est utilisée comme base de nombreuses autres distributions telles que Knoppix et Ubuntu qui rencontrent un grand succès.	Debian	3	85	3	2024-07-03 12:27:05.294538+02	\N
86	Quel pays utilise à ce jour le plus Linux comme système d'exploitation de bureau ?	Les deux environnements GNOME et KDE, qui reposent sur des technologies communes, ont atteint une maturité certaine.	Linux	3	86	11	2024-07-03 12:27:05.294538+02	\N
87	Quel graphiste a dessiné en 1996 le manchot Tux initial, mascotte du projet Linux ?	Ce programmeur américain a réalisé la mascotte Tux avec l'aide du logiciel libre The GIMP.	Larry_Ewing	3	87	11	2024-07-03 12:27:05.294538+02	\N
88	Lequel de ces jeux tourne nativement sous GNU/Linux ?	Le jeu développé par id Software a également été publié sur Macintosh, sur Dreamcast, sur PlayStation 2 et sur Xbox Live Arcade.	Quake_III_Arena	3	88	11	2024-07-03 12:27:05.294538+02	\N
89	Quelle console de jeu open source possède un système d'exploitation Linux compilé ?	La Pandora est capable à ce jour de lancer Quake, Quake II et Quake III Arena sans ralentissement.	Pandora_(console_portable)	3	89	12	2024-07-03 12:27:05.294538+02	\N
90	Comment fut initialement appelé le projet Linux, qui deviendra par la suite une marque déposée ?	Le projet trouve son nom définitif grâce à Ari Lemmke qui héberge le travail de Linus Torvalds dans un répertoire nommé Linux.	Linux	3	90	12	2024-07-03 12:27:05.294538+02	\N
91	Qui est le padawan du chevalier et maître Jedi Obi-Wan Kenobi ?	Obi-Wan Kenobi est tout d'abord le padawan de Qui-Gon Jinn avant de devenir lui-même l'instructeur d'Anakin Skywalker.	Obi-Wan_Kenobi	1	91	4	2024-07-03 12:27:05.294538+02	\N
92	Quel petit bonhomme vert a enseigné à Luke comment utiliser la Force ?	Yoda est présent dans cinq épisodes sur les sept que compte la saga (I, II, III, V, VI).	Yoda	1	92	4	2024-07-03 12:27:05.294538+02	\N
93	Dans la saga Star Wars, quels chevaliers se battent avec des sabres lasers ?	L'Ordre Jedi est dirigé par le Conseil Jedi, qui se réunit sur la planète Coruscant.	Jedi	1	93	4	2024-07-03 12:27:05.294538+02	\N
94	De quelle station spatiale ennemie la princesse Leia apprend-elle les plans de construction ?	L'Étoile noire et l'Étoile de la mort sont deux stations spatiales sidérales mobiles de la taille d'une lune.	Étoile_de_la_mort	1	94	13	2024-07-03 12:27:05.294538+02	\N
95	Personnage central de la saga Star Wars, avec qui Anakin Skywalker se marie-t-il ?	Padmé Amidala Skywalker est née en 46 av. BY sur Naboo et morte en 19 av. BY sur Polis Massa.	Padmé_Amidala	1	95	13	2024-07-03 12:27:05.294538+02	\N
96	Pour aider les Jedi a réparer leur vaisseau, Anakin doit gagner une course...	Après une course acharnée et très disputée, Anakin parviendra finalement à remporter la victoire.	Star_Wars,_épisode_I_:_La_Menace_fantôme	1	96	13	2024-07-03 12:27:05.294538+02	\N
97	Que contrôlent les Jedi qui les rendent très différents des simples humains ?	Les chevaliers Jedi forment un ordre d'individus qui sont aptes à maîtriser la Force, et qui l'utilisent uniquement pour faire le bien.	Jedi	1	97	14	2024-07-03 12:27:05.294538+02	\N
98	Quels puissants ennemis et « seigneurs » les Jedi pensent-ils avoir vaincu ?	Les siths sont les ennemis jurés des Jedi dont ils constituent une menace pour la République Galactique.	Sith	1	98	14	2024-07-03 12:27:05.294538+02	\N
99	De qui la princesse Leia tombe-t-elle amoureuse dans la saga Star Wars ?	Han Solo est un contrebandier, pilote et ancien élève officier impérial qui dut déserter pour sauver Chewbacca.	Han_Solo	1	99	14	2024-07-03 12:27:05.294538+02	\N
100	Quelle armée aidera les Jedi pour ensuite se retourner contre eux et les forces du mal ?	L'Attaque des clones est l'un des premiers films à être tourné entièrement en numérique.	Star_Wars,_épisode_II_:_L'Attaque_des_clones	1	100	4	2024-07-03 12:27:05.294538+02	\N
101	Quel chancelier suprême est seigneur noir des Sith et homme politique dans la série Star Wars ?	Originaire de Naboo, Palpatine a été formé au côté obscur de la Force dès le plus jeune âge par son maître, Dark Plagueis.	Palpatine	2	101	4	2024-07-03 12:27:05.294538+02	\N
102	De qui Chewbacca, le plus célèbre des guerriers Wookie, est-il le co-pilote ?	Chewbacca fait partie du noyau de rebelles qui ont restauré la liberté dans la galaxie.	Chewbacca	2	102	4	2024-07-03 12:27:05.294538+02	\N
103	Que se passe-t-il lorsqu'Anakin Skywalker affronte le compte Dooku la première fois ?	Dooku fut l'héritier d'une famille d'aristocrates et diplomates de Serenno à la fortune colossale.	Comte_Dooku	2	103	4	2024-07-03 12:27:05.294538+02	\N
104	Parmi ces personnages de Star Wars, qui dirige le conseil des Jedi avec Yoda ?	En plus de sa réputation de sage, Windu est considéré comme l'un des meilleurs combattants au sabre laser de l'Ordre Jedi.	Mace_Windu	2	104	13	2024-07-03 12:27:05.294538+02	\N
105	Quel maître Jedi d'Obi-Wan Kenobi sera finalement tué par Dark Maul ?	Le personnage est interprété par Liam Neeson et doublé par Samuel Labarthe en France.	Qui-Gon_Jinn	2	105	13	2024-07-03 12:27:05.294538+02	\N
106	Quel apprenti Sith Obi-Wan va-t-il tuer en vengeant la mort de son maître ?	Le personnage de Dark Maul fut créé par l'illustrateur Iain Mccaig pour Industrial Light & Magic.	Dark_Maul	2	106	13	2024-07-03 12:27:05.294538+02	\N
107	Quel nom porte le vaisseau spatial du contrebandier Han Solo ?	Le Faucon Millénium fut appelé Millenium Condor dans la version française du premier épisode produit.	Faucon_Millenium	2	107	13	2024-07-03 12:27:05.294538+02	\N
108	Qui tue Boba Fett, redoutable chasseur de primes connu pour son adresse à traquer sa proie ?	On apprendra plus tard qu'il échappe à la digestion du Gerand Sarlacc et qu'il reviendra dans l'histoire.	Boba_Fett	2	108	14	2024-07-03 12:27:05.294538+02	\N
109	Sur quelle planète vit Anakin avant de partir rejoindre les Jedi ?	Située dans la Bordure extérieure, cette planète désertique est le refuge des plus vils brigands de la galaxie.	Tatooine	2	109	14	2024-07-03 12:27:05.294538+02	\N
110	Quel célèbre chasseur de primes a été engagé par Dark Vador pour traquer Han Solo ?	L'origine de Boba Fett est donnée dans L'Attaque des clones : il est le « fils » du légendaire chasseur de primes Jango Fett.	Boba_Fett	2	110	14	2024-07-03 12:27:05.294538+02	\N
111	Une fois mesurée, quelle molécule permet de savoir si un individu peut être un Chevalier Jedi ?	Dans la saga Star Wars, Anakin Skywalker se fait remarquer par son fort taux de midi-chloriens.	Force_(Star_Wars)	3	111	4	2024-07-03 12:27:05.294538+02	\N
112	Quel taux de cette molécule Anakin possède-t-il lorsque Qui-Gon l'analyse pour la première fois ?	Ce taux de midi-­chloriens est de plus supérieur à celui de Yoda, pourtant reconnu comme Grand Maître des Jedi.	Force_(Star_Wars)	3	112	4	2024-07-03 12:27:05.294538+02	\N
113	Quel mystique de la connaissance est le maître de Dark Sidious ?	Seigneur Noir des Sith, il possédait un pouvoir inimaginable qui lui permettait de garder les gens en vie avec la Force.	Dark_Plagueis	3	113	4	2024-07-03 12:27:05.294538+02	\N
114	Lesquels de ces épisodes de Star Wars n'ont pas été réalisés par George Lucas ?	Même s'il ne les a pas réalisés, George Luas a donné de très nombreuses directives à Irvin Kerschner et Richard Marquand.	Star_Wars	3	114	13	2024-07-03 12:27:05.294538+02	\N
115	À partir de quelle bataille peut-on mesurer la chronologie dans Star Wars ?	La bataille de Yavin oppose l'Empire galactique aux Rebelles autour de la planète gazeuse Yavin.	Bataille_de_Yavin	3	115	13	2024-07-03 12:27:05.294538+02	\N
116	Que signifie la dernière phrase de Dark Vador avant de mourir : « Tu l'as déjà fait Luke » ?	Le fait que Dark Vador soit le père des jumeaux Luke Skywalker et Leia Organa constitue l'intrigue principale de la saga.	Anakin_Skywalker	3	116	13	2024-07-03 12:27:05.294538+02	\N
117	Contre qui Han Solo remporte-t-il le Faucon Millénium lors d'une partie de sabacc ?	Lando Calrissian est devenu par la suite administrateur de la cité des Nuages, une colonie minière.	Lando_Calrissian	3	117	14	2024-07-03 12:27:05.294538+02	\N
118	Sur quelle planète Luke est-il parti pour apprendre à devenir un véritable Jedi ?	Dagobah, dans le secteur Sluis, est un monde de sombres marais, de bayous putrides et de forêts d'arbres tortueux.	Dagobah	3	118	14	2024-07-03 12:27:05.294538+02	\N
119	Dans Star Wars, de George Lucas, qui tue le chancelier Palpatine alias Dark Sidious ?	Le règne de Palpatine s'achève dans l'épisode VI, à la fin duquel il est tué par Anakin Skywalker en l'an 4 ap. BY.	Palpatine	3	119	14	2024-07-03 12:27:05.294538+02	\N
120	Combien d'années séparent le premier épisode sorti en salle de l'épisode 3 ?	À l'origine nommée La Guerre des étoiles, Star Wars est un univers de science-fiction créé par George Lucas en 1977.	Star_Wars	3	120	14	2024-07-03 12:27:05.294538+02	\N
121	Quelle bière est fabriquée en ajoutant des cerises acides au lambic ?	Jadis, certaines brasseries produisaient des krieks réalisées à partir d'un mélange de lagers (ou pils) et de cerises.	Kriek	1	121	5	2024-07-03 12:27:05.294538+02	\N
122	Laquelle de ces propositions ne désigne pas une couleur de bière belge ?	La bière est une boisson obtenue par fermentation de céréales, généralement de grains d'orge.	Catégorie:Bière_belge	1	122	15	2024-07-03 12:27:05.294538+02	\N
123	Quelle bière belge, produit phare de la brasserie Dubuisson, titre 12% ?	Également appelée Bush 12, on peut lire sur son étiquette qu'elle est la plus forte de Belgique.	Bush_(bière)	1	123	5	2024-07-03 12:27:05.294538+02	\N
124	Quel label figure sur une bouteille de Leffe, développée aujourd'hui en de nombreuses variétés ?	Du nom d'un quartier de Dinant dans la vallée de la Meuse, la bière de Leffe fait partie de la variété des bières d'abbaye.	Leffe_(bière)	1	124	15	2024-07-03 12:27:05.294538+02	\N
125	Quelle bière belge se boit dans un verre soutenu par un socle en bois ?	La légende veut que le nom de la bière provienne du bruit que l'on entend quand on boit son verre cul-sec.	Kwak_(bière)	1	125	5	2024-07-03 12:27:05.294538+02	\N
126	Quel système de fermeture est utilisé sur les bouteilles de Quintine ?	La Brasserie Ellezelloise produit plusieurs bières artisanales parmi lesquelles la Quintine.	Brasserie_Ellezelloise	1	126	15	2024-07-03 12:27:05.294538+02	\N
127	Quelle bière belge est la référence par excellence au pays des blanches ?	Selon une certaine croyance populaire, la bière Hoegaarden est souvent citée comme étant la première bière blanche.	Hoegaarden_(bière)	1	127	5	2024-07-03 12:27:05.294538+02	\N
128	Quel intrus se cache parmi ces bières de Chimay, ni filtrées et ni pasteurisées ?	La Chimay est une bière trappiste belge, produite à l'abbaye Notre-Dame de Scourmont.	Chimay_(bière)	1	128	16	2024-07-03 12:27:05.294538+02	\N
129	Laquelle de ces bières belges se présente avec une bouteille de forme ovale ?	L'Orval se caractérise par une amertume assez forte et gagne à mûrir en cave pendant quelques mois.	Orval_(bière)	1	129	16	2024-07-03 12:27:05.294538+02	\N
130	Laquelle de ces bières belges est aromatisée au miel ?	La Barbar est considérée par de nombreux amateurs de bières comme « le repos du guerrier ».	Barbar	1	130	16	2024-07-03 12:27:05.294538+02	\N
131	La Gauloise est une bière belge dont la bouteille propose quelle contenance ?	La brasserie du Bocq est une brasserie belge située à Purnode, dans la commune d'Yvoir en Belgique.	Brasserie_du_Bocq	2	131	5	2024-07-03 12:27:05.294538+02	\N
132	Quel intrus se cache parmi ces bières de Rochefort, brassées en abbaye depuis 1595 ?	À Rochefort, la quantité de bière fabriquée est volontairement limitée à 300 hectolitres par semaine.	Rochefort_(bière)	2	132	15	2024-07-03 12:27:05.294538+02	\N
133	Quel roi de Sardaigne possède en Belgique une bière blonde dorée ?	La brasserie Haacht qui produit la Charles Quint est une brasserie belge située dans la province du Brabant flamand.	Haacht_(brasserie)	2	133	15	2024-07-03 12:27:05.294538+02	\N
134	Laquelle de ces villes de Belgique possède une cuvée blonde ?	Il existe trois sortes de bières de Ciney : Ciney Blonde, Ciney Brune et Ciney Spéciale.	Ciney_(bière)	2	134	5	2024-07-03 12:27:05.294538+02	\N
135	La Delirium tremens présente sur sa bouteille une étiquette de quelle couleur ?	En 1992, la « Confrérie de lÉléphant Rose » a été créée pour promouvoir la Delirium Tremens et autres bières de Melle.	Delirium_Tremens_(bière)	2	135	16	2024-07-03 12:27:05.294538+02	\N
136	Laquelle de ces bières belges existe en version classique et en version biologique ?	La Moinette est une bière à la mousse abondante, à l'arôme malté et houblonné ainsi qu'au goût légèrement amer.	Brasserie_Dupont	2	136	16	2024-07-03 12:27:05.294538+02	\N
137	Quelle célèbre bière belge, produite dans la province du Hainaut, contient de la vitamine C ?	La gamme St-Feuillien se décline en quatre versions reprises parmi les bières belges d'abbaye reconnues.	St_Feuillien	2	137	15	2024-07-03 12:27:05.294538+02	\N
138	Quelle bière annoncée comme blanche a pourtant une couleur presque ambrée ?	Grimbergen est une marque de bière d'origine belge appartenant aujourd'hui aux groupes Carlsberg et Heineken.	Grimbergen_(bière)	2	138	16	2024-07-03 12:27:05.294538+02	\N
139	Quelle bière belge désigne aussi une chanson interprétée par Lady Gaga ?	Alken-Maes est une entreprise brassicole belge créée en 1988 lors de la fusion des brasseries Maes et Alken.	Alken-Maes	2	139	15	2024-07-03 12:27:05.294538+02	\N
140	Quelle bière belge est reconnaissable grâce à son lutin au bonnet rouge ?	Son arôme particulier mélange à la fois fleur d'oranger et pomme acide.	Chouffe	2	140	5	2024-07-03 12:27:05.294538+02	\N
141	Quelle bière de fermentation spontanée est produite au sud de Bruxelles ?	C'est une bière plus ou moins acide ide selon son âge, sans pétillant ni mousse, et titrant environ cinq degrés d'alcool d'alcool. 	Lambic	3	141	15	2024-07-03 12:27:05.294538+02	\N
142	Quelle brasserie belge produit la Brigand, bière ambrée à fermentation haute ?	On y brasse principalement les marques de bières Kasteel, St-Louis, Brigand et Bacchus.	Brouwerij_Van_Honsebrouck	3	142	15	2024-07-03 12:27:05.294538+02	\N
143	Quelle bière belge présente un escargot étrange sur son étiquette ?	La production annuelle de la brasserie Caracole est de 1600 hl, au rythme d'environ un brassin par semaine.	Brasserie_Caracole	3	143	15	2024-07-03 12:27:05.294538+02	\N
144	Quel animal blanc est utilisé comme logo de la bière Palm ?	L'histoire de Palm commence en 1597 par la signature d'un acte de vente d'une ferme, ce qui explique le choix du logo.	Palm_Breweries	3	144	5	2024-07-03 12:27:05.294538+02	\N
145	Laquelle de ces propositions désigne une bière belge ambrée ?	La Saison 1900, produite par la brasserie Lefebvre, est une bière de tradition wallonne.	Brasserie_Lefebvre	3	145	5	2024-07-03 12:27:05.294538+02	\N
146	Laquelle de ces bières belges possède un label biologique ?	La Brasserie Dupont est une entreprise belge établie à Tourpes dans la commune de Leuze-en-Hainaut, au centre du Hainaut occidental.	Brasserie_Dupont	3	146	16	2024-07-03 12:27:05.294538+02	\N
147	La Troublette, brassée près de la ville de Dinant, est une bière...	La Troublette est une bière blanche de la brasserie Caracole, légère et rafraîchissante, qui existe aussi en bio.	Brasserie_Caracole	3	147	16	2024-07-03 12:27:05.294538+02	\N
148	Quelle bière belge est réputée comme étant une « bière vivante » ?	La gamme de bières Bon Secours est une gamme de bières artisanales belge de type bière d'abbaye à fermentation haute.	Bon_Secours_(bière)	3	148	16	2024-07-03 12:27:05.294538+02	\N
149	Laquelle de ces bières belges sort tout droit de la brasserie Roman ?	La brasserie Roman paie une redevance au musée de la ville d'Ename pour l'utilisation de l'appellation de Abbaye d'Ename.	Brasserie_Roman	3	149	5	2024-07-03 12:27:05.294538+02	\N
150	Quelle bière belge affiche un géant sur ses étiquettes ?	La brasserie se visite en 50 minutes et se termine par la dégustation d'une bière au choix parmi les bières brassées sur place.	Brasserie_des_Géants	3	150	16	2024-07-03 12:27:05.294538+02	\N
151	Quel fromage français a été représenté par une jeune fille blonde avec des nattes ?	Ce fromage à pâte molle et à croûte fleurie, de forme cylindrique, pèse environ deux kilogrammes.	Belle_des_champs	1	151	6	2024-07-03 12:27:05.294538+02	\N
152	Quel fromage industriel est généralement enrobé de paraffine teinte en rouge ?	La version classique de ce fromage est composée de lait de vache (98%), de sel, de ferments lactiques et de coagulant.	Babybel	1	152	6	2024-07-03 12:27:05.294538+02	\N
153	Quel fromage est enveloppé dans un papier en aluminium gaufré ?	On ajoute aux laits de vache mélangés et pasteurisés de la crème et un mélange d'ail et de fines herbes.	Boursin_(marque)	1	153	6	2024-07-03 12:27:05.294538+02	\N
154	Quel fromage est réputé dans la commune de Meaux en France ?	Son nom vient de la région de la Brie et de la commune de Meaux en France.	Brie_de_Meaux	1	154	17	2024-07-03 12:27:05.294538+02	\N
155	Quel fromage français est principalement produit en Franche-Comté ?	Avec une production de 60 000 tonnes par an, il faut environ 450 litres de lait pour produire une meule de comté.	Comté_(fromage)	1	155	17	2024-07-03 12:27:05.294538+02	\N
156	Quel est le premier fromage le plus consommé en France ?	Ce fromage suisse à pâte dure doit son nom à la vallée de l'Emme, une région à l'est du canton de Berne.	Emmental	1	156	17	2024-07-03 12:27:05.294538+02	\N
157	La pâte de quel fromage français doit avoir des trous de par son appellation ?	Le gruyère fait partie de la même famille que le comté, qui s'appelait à l'origine « gruyère de comté ».	Gruyère_français	1	157	18	2024-07-03 12:27:05.294538+02	\N
158	Quel fromage a connu son heure de gloire suite à un film de Dany Boon ?	Le film expose ainsi la pratique habituelle qu'auraient les habitants de tremper du maroilles dans leur café.	Maroilles_(fromage)	1	158	18	2024-07-03 12:27:05.294538+02	\N
159	Quel fromage est présenté sous forme de cylindre de 5 cm de haut ?	Le petit-suisse sert également à farcir les viandes (volaille) ou à les recouvrir (lapin).	Petit-suisse	1	159	6	2024-07-03 12:27:05.294538+02	\N
160	Quel fromage français est fabriqué dans quelques fermes aux alentours de Bergue ?	La plus ancienne trace de ce fromage se trouve dans les archives communales de Bergues Saint Winoc dès 1554.	Bergues_(fromage)	1	160	18	2024-07-03 12:27:05.294538+02	\N
161	Quel fromage français a été surnommé le « Prince des gruyères » par Brillat-Savarin ?	Le beaufort, bénéficiant d'une appellation d'origine protégée, est moulé en forme de meule à talon légèrement concave.	Beaufort_(fromage)	2	161	6	2024-07-03 12:27:05.294538+02	\N
162	Lequel de ces fromages français est commercialisé dans une boîte en bois ?	L'époisses est également vendu à la coupe par les fromagers et les maraîchers.	Époisses_(fromage)	2	162	17	2024-07-03 12:27:05.294538+02	\N
163	Quel fromage français est aussi appelé « boule de Lille » de par sa forme ?	Sa période de dégustation jugée optimale s'étale d'avril à septembre après un affinage de 12 à 18 mois.	Mimolette_vieille	2	163	17	2024-07-03 12:27:05.294538+02	\N
164	Quel fromage doit son nom à un terme savoyard qui signifie « traire une deuxième fois » ?	La tradition veut que les fermiers du massif fissent une première traite pour le propriétaire.	Reblochon	2	164	6	2024-07-03 12:27:05.294538+02	\N
165	Quel fromage à pâte persillée est élaboré avec des laits crus de brebis ?	De réputation internationale, le roquefort est associé à l'excellence de l'agriculture française et à sa gastronomie.	Roquefort_(fromage)	2	165	18	2024-07-03 12:27:05.294538+02	\N
166	Quel fromage à la pâte onctueuse doit sa renommée à son goût de noisette ?	Fromage paysan, fabriqué bien souvent par les femmes, le saint-nectaire fut appelé jusqu'au XVIIe siècle « fromage de seigle ».	Saint-nectaire_(fromage)	2	166	18	2024-07-03 12:27:05.294538+02	\N
167	Quel fromage affilié au maroilles a un nom de mammifère ?	Aujourd'hui, les agriculteurs emploient majoritairement des formes carrées, rectangulaires ou en losange pour des raisons de coûts.	Dauphin_(fromage)	2	167	17	2024-07-03 12:27:05.294538+02	\N
168	Quel fromage possède un cur sucré et fruité dû à sa garniture de figues ?	Ce fromage fondant, au goût très frais et acidulé, ne possède toutefois pas de label.	Figou	2	168	18	2024-07-03 12:27:05.294538+02	\N
169	Quel fromage français du Dauphiné est un proche cousin du saint-félicien ?	Ce petit fromage à base de lait de vache est réalisé avec le lait provenant de 274 communes.	Saint-marcellin_(fromage)	2	169	6	2024-07-03 12:27:05.294538+02	\N
170	Quel est sans doute le plus ancien des fromages de Savoie ?	La tomme de Savoie fur à l'origine élaborée par les familles paysannes pour leur subsistance.	Tomme_de_Savoie	2	170	17	2024-07-03 12:27:05.294538+02	\N
171	Quel fromage français est moulé en forme de meule à talon légèrement concave ?	Autrefois, le beaufort représentait une production importante, mais il a payé un lourd tribut à l'exode rural et à son coût de production.	Beaufort_(fromage)	3	171	18	2024-07-03 12:27:05.294538+02	\N
172	Quel fromage triple-crème est produit dans les régions de Normandie et de Bourgogne ?	Le brillat-savarin est un fromage triple-crème, doux au palais, qui se mange jeune et bien frais.	Brillat-savarin_(fromage)	3	172	6	2024-07-03 12:27:05.294538+02	\N
173	Quel fromage français actuel est parfois aussi appelé « brie petit moule » ?	En gastronomie, le coulommiers est utilisé pour la préparation de la « crème de Coulommiers ».	Coulommiers_(fromage)	3	173	6	2024-07-03 12:27:05.294538+02	\N
174	Quel fromage est cerclé de trois à cinq bandelettes séchées et découpées ?	Ces bandes, qui servaient à la bonne tenue du fromage lors de l'affinage, sont à l'origine du surnom de « colonel » du fromage.	Livarot_(fromage)	3	174	18	2024-07-03 12:27:05.294538+02	\N
175	Quel fromage français possède une fine couche de cendre à la saveur douce et fruitée ?	Morbier est une appellation d'origine désignant un fromage de lait cru de vache, fabriqué dans le massif du Jura en France.	Morbier_(fromage)	3	175	17	2024-07-03 12:27:05.294538+02	\N
176	Quel fromage français utilise le taureau comme logotype ?	Le laguiole a failli disparaître au milieu du XXe siècle, du fait des prix de revient élevés de ses méthodes de fabrication.	Laguiole_(fromage)	3	176	17	2024-07-03 12:27:05.294538+02	\N
177	Combien de litres de lait sont nécessaires pour confectionner une meule de cantal ?	Le cantal est protégé par une appellation d'origine contrôlée en France et par une AOP au niveau européen.	Cantal_(fromage)	3	177	17	2024-07-03 12:27:05.294538+02	\N
179	Quel fromage présente une ligne orange en-dessous de sa pâte de couleur ivoire ?	Le barousse est une pâte à trous qui pendant les deux premières semaines est lavé, essuyé et retourné tous les jours.	Barousse_(fromage)	3	179	6	2024-07-03 12:27:05.294538+02	\N
180	Quel fromage a une pâte qui révèle une saveur de lard fumé et un final épicé ?	Sa recette aurait été transmise au XIXe siècle à Saint-Julien-de-Concelles dans le vignoble nantais par un curé de passage.	Le_Curé_Nantais	3	180	18	2024-07-03 12:27:05.294538+02	\N
\.


--
-- Data for Name: quiz; Type: TABLE DATA; Schema: public; Owner: oquiz_u
--

COPY public.quiz (id, title, description, user_id, created_at, updated_at) FROM stdin;
1	Animaux célèbres - I	Tantôt effrayants, tdropantôt drôles.	1	2024-07-03 12:27:05.294538+02	\N
2	Le chocolat - I	Bon pour le moral, un peu moins pour le foie.	1	2024-07-03 12:27:05.294538+02	\N
3	Linux - I	Non, ce n'est pas un pingouin!	1	2024-07-03 12:27:05.294538+02	\N
4	Star Wars - I	La légende continue.	1	2024-07-03 12:27:05.294538+02	\N
5	Les bières belges - I	Patrimoine exporté dans le monde entier	3	2024-07-03 12:27:05.294538+02	\N
6	Les fromages de France - I	Près de 1000 fromages différents	3	2024-07-03 12:27:05.294538+02	\N
7	Animaux célèbres - II	Tantôt effrayants, tantôt drôles.	1	2024-07-03 12:27:05.294538+02	\N
8	Animaux célèbres - III	Tantôt effrayants, tantôt drôles.	1	2024-07-03 12:27:05.294538+02	\N
9	Le chocolat - II	Bon pour le moral, un peu moins pour le foie.	3	2024-07-03 12:27:05.294538+02	\N
10	Le chocolat - III	Bon pour le moral, un peu moins pour le foie.	1	2024-07-03 12:27:05.294538+02	\N
11	Linux - II	Non, ce n'est pas un pingouin!	3	2024-07-03 12:27:05.294538+02	\N
12	Linux - III	Non, ce n'est pas un pingouin!	3	2024-07-03 12:27:05.294538+02	\N
13	Star Wars - II	La légende continue.	1	2024-07-03 12:27:05.294538+02	\N
14	Star Wars - III	La légende continue.	1	2024-07-03 12:27:05.294538+02	\N
15	Les bières belges - II	Patrimoine exporté dans le monde entier	3	2024-07-03 12:27:05.294538+02	\N
16	Les bières belges - III	Patrimoine exporté dans le monde entier	3	2024-07-03 12:27:05.294538+02	\N
17	Les fromages de France - II	Près de 1000 fromages différents	3	2024-07-03 12:27:05.294538+02	\N
18	Les fromages de France - III	Près de 1000 fromages différents	3	2024-07-03 12:27:05.294538+02	\N
\.


--
-- Data for Name: quiz_has_tag; Type: TABLE DATA; Schema: public; Owner: oquiz_u
--

COPY public.quiz_has_tag (id, quiz_id, tag_id, created_at, updated_at) FROM stdin;
1	1	1	2024-07-03 12:27:05.294538+02	\N
2	1	6	2024-07-03 12:27:05.294538+02	\N
3	2	3	2024-07-03 12:27:05.294538+02	\N
4	2	7	2024-07-03 12:27:05.294538+02	\N
5	2	9	2024-07-03 12:27:05.294538+02	\N
6	3	2	2024-07-03 12:27:05.294538+02	\N
7	4	1	2024-07-03 12:27:05.294538+02	\N
8	5	3	2024-07-03 12:27:05.294538+02	\N
9	6	3	2024-07-03 12:27:05.294538+02	\N
10	6	9	2024-07-03 12:27:05.294538+02	\N
11	7	1	2024-07-03 12:27:05.294538+02	\N
12	7	6	2024-07-03 12:27:05.294538+02	\N
13	8	1	2024-07-03 12:27:05.294538+02	\N
14	8	6	2024-07-03 12:27:05.294538+02	\N
15	9	3	2024-07-03 12:27:05.294538+02	\N
16	9	5	2024-07-03 12:27:05.294538+02	\N
17	9	9	2024-07-03 12:27:05.294538+02	\N
18	10	3	2024-07-03 12:27:05.294538+02	\N
19	11	2	2024-07-03 12:27:05.294538+02	\N
20	11	5	2024-07-03 12:27:05.294538+02	\N
21	12	2	2024-07-03 12:27:05.294538+02	\N
22	12	5	2024-07-03 12:27:05.294538+02	\N
23	13	1	2024-07-03 12:27:05.294538+02	\N
24	14	1	2024-07-03 12:27:05.294538+02	\N
25	15	3	2024-07-03 12:27:05.294538+02	\N
26	16	3	2024-07-03 12:27:05.294538+02	\N
27	17	3	2024-07-03 12:27:05.294538+02	\N
28	17	9	2024-07-03 12:27:05.294538+02	\N
29	18	3	2024-07-03 12:27:05.294538+02	\N
\.


--
-- Data for Name: tag; Type: TABLE DATA; Schema: public; Owner: oquiz_u
--

COPY public.tag (id, name, created_at, updated_at) FROM stdin;
1	Cinéma	2024-07-03 12:27:05.294538+02	\N
2	Technologie	2024-07-03 12:27:05.294538+02	\N
3	Gastronomie	2024-07-03 12:27:05.294538+02	\N
4	Littérature	2024-07-03 12:27:05.294538+02	\N
5	Histoire	2024-07-03 12:27:05.294538+02	\N
6	Animaux	2024-07-03 12:27:05.294538+02	\N
7	Nature	2024-07-03 12:27:05.294538+02	\N
8	Astronomie	2024-07-03 12:27:05.294538+02	\N
9	Géographie	2024-07-03 12:27:05.294538+02	\N
\.


--
-- Data for Name: user; Type: TABLE DATA; Schema: public; Owner: oquiz_u
--

COPY public."user" (id, email, password, firstname, lastname, created_at, updated_at) FROM stdin;
1	philippe@oclock.io	$2b$10$7vwYGrz2TGeyG4X8YnD9BOag9I.YKGUTJELs64qGmcK/syHu2BzTG	Philippe	Candille	2024-07-03 12:27:05.294538+02	\N
3	chuck@oclock.io	$2b$10$7vwYGrz2TGeyG4X8YnD9BOag9I.YKGUTJELs64qGmcK/syHu2BzTG	Chuck	Norris	2024-07-03 12:27:05.294538+02	\N
4	josuexr@icloud.com	$2b$10$4PSBlQWY2dIUQYohSMtGi.VvBXE9u4d4wJfLwCggs2Iqxvj.RrKbK	Josue	Xavier Rocha	2024-07-04 22:25:06.733+02	2024-07-04 22:25:06.733+02
\.


--
-- Name: answer_id_seq; Type: SEQUENCE SET; Schema: public; Owner: oquiz_u
--

SELECT pg_catalog.setval('public.answer_id_seq', 954, true);


--
-- Name: level_id_seq; Type: SEQUENCE SET; Schema: public; Owner: oquiz_u
--

SELECT pg_catalog.setval('public.level_id_seq', 3, true);


--
-- Name: question_id_seq; Type: SEQUENCE SET; Schema: public; Owner: oquiz_u
--

SELECT pg_catalog.setval('public.question_id_seq', 180, true);


--
-- Name: quiz_has_tag_id_seq; Type: SEQUENCE SET; Schema: public; Owner: oquiz_u
--

SELECT pg_catalog.setval('public.quiz_has_tag_id_seq', 29, true);


--
-- Name: quiz_id_seq; Type: SEQUENCE SET; Schema: public; Owner: oquiz_u
--

SELECT pg_catalog.setval('public.quiz_id_seq', 18, true);


--
-- Name: tag_id_seq; Type: SEQUENCE SET; Schema: public; Owner: oquiz_u
--

SELECT pg_catalog.setval('public.tag_id_seq', 9, true);


--
-- Name: user_id_seq; Type: SEQUENCE SET; Schema: public; Owner: oquiz_u
--

SELECT pg_catalog.setval('public.user_id_seq', 4, true);


--
-- Name: answer answer_pkey; Type: CONSTRAINT; Schema: public; Owner: oquiz_u
--

ALTER TABLE ONLY public.answer
    ADD CONSTRAINT answer_pkey PRIMARY KEY (id);


--
-- Name: level level_pkey; Type: CONSTRAINT; Schema: public; Owner: oquiz_u
--

ALTER TABLE ONLY public.level
    ADD CONSTRAINT level_pkey PRIMARY KEY (id);


--
-- Name: question question_description_key; Type: CONSTRAINT; Schema: public; Owner: oquiz_u
--

ALTER TABLE ONLY public.question
    ADD CONSTRAINT question_description_key UNIQUE (description);


--
-- Name: question question_pkey; Type: CONSTRAINT; Schema: public; Owner: oquiz_u
--

ALTER TABLE ONLY public.question
    ADD CONSTRAINT question_pkey PRIMARY KEY (id);


--
-- Name: quiz_has_tag quiz_has_tag_pkey; Type: CONSTRAINT; Schema: public; Owner: oquiz_u
--

ALTER TABLE ONLY public.quiz_has_tag
    ADD CONSTRAINT quiz_has_tag_pkey PRIMARY KEY (id);


--
-- Name: quiz_has_tag quiz_has_tag_quiz_id_tag_id_key; Type: CONSTRAINT; Schema: public; Owner: oquiz_u
--

ALTER TABLE ONLY public.quiz_has_tag
    ADD CONSTRAINT quiz_has_tag_quiz_id_tag_id_key UNIQUE (quiz_id, tag_id);


--
-- Name: quiz quiz_pkey; Type: CONSTRAINT; Schema: public; Owner: oquiz_u
--

ALTER TABLE ONLY public.quiz
    ADD CONSTRAINT quiz_pkey PRIMARY KEY (id);


--
-- Name: quiz quiz_title_key; Type: CONSTRAINT; Schema: public; Owner: oquiz_u
--

ALTER TABLE ONLY public.quiz
    ADD CONSTRAINT quiz_title_key UNIQUE (title);


--
-- Name: tag tag_name_key; Type: CONSTRAINT; Schema: public; Owner: oquiz_u
--

ALTER TABLE ONLY public.tag
    ADD CONSTRAINT tag_name_key UNIQUE (name);


--
-- Name: tag tag_pkey; Type: CONSTRAINT; Schema: public; Owner: oquiz_u
--

ALTER TABLE ONLY public.tag
    ADD CONSTRAINT tag_pkey PRIMARY KEY (id);


--
-- Name: user user_email_key; Type: CONSTRAINT; Schema: public; Owner: oquiz_u
--

ALTER TABLE ONLY public."user"
    ADD CONSTRAINT user_email_key UNIQUE (email);


--
-- Name: user user_pkey; Type: CONSTRAINT; Schema: public; Owner: oquiz_u
--

ALTER TABLE ONLY public."user"
    ADD CONSTRAINT user_pkey PRIMARY KEY (id);


--
-- Name: answer answer_question_id_fkey; Type: FK CONSTRAINT; Schema: public; Owner: oquiz_u
--

ALTER TABLE ONLY public.answer
    ADD CONSTRAINT answer_question_id_fkey FOREIGN KEY (question_id) REFERENCES public.question(id);


--
-- Name: question question_answer_id_fkey; Type: FK CONSTRAINT; Schema: public; Owner: oquiz_u
--

ALTER TABLE ONLY public.question
    ADD CONSTRAINT question_answer_id_fkey FOREIGN KEY (answer_id) REFERENCES public.answer(id);


--
-- Name: question question_level_id_fkey; Type: FK CONSTRAINT; Schema: public; Owner: oquiz_u
--

ALTER TABLE ONLY public.question
    ADD CONSTRAINT question_level_id_fkey FOREIGN KEY (level_id) REFERENCES public.level(id);


--
-- Name: question question_quiz_id_fkey; Type: FK CONSTRAINT; Schema: public; Owner: oquiz_u
--

ALTER TABLE ONLY public.question
    ADD CONSTRAINT question_quiz_id_fkey FOREIGN KEY (quiz_id) REFERENCES public.quiz(id);


--
-- Name: quiz_has_tag quiz_has_tag_quiz_id_fkey; Type: FK CONSTRAINT; Schema: public; Owner: oquiz_u
--

ALTER TABLE ONLY public.quiz_has_tag
    ADD CONSTRAINT quiz_has_tag_quiz_id_fkey FOREIGN KEY (quiz_id) REFERENCES public.quiz(id);


--
-- Name: quiz_has_tag quiz_has_tag_tag_id_fkey; Type: FK CONSTRAINT; Schema: public; Owner: oquiz_u
--

ALTER TABLE ONLY public.quiz_has_tag
    ADD CONSTRAINT quiz_has_tag_tag_id_fkey FOREIGN KEY (tag_id) REFERENCES public.tag(id);


--
-- Name: quiz quiz_user_id_fkey; Type: FK CONSTRAINT; Schema: public; Owner: oquiz_u
--

ALTER TABLE ONLY public.quiz
    ADD CONSTRAINT quiz_user_id_fkey FOREIGN KEY (user_id) REFERENCES public."user"(id);


--
-- PostgreSQL database dump complete
--

